"Internal Reference","Name"
"1734APCADAP","1734APCADAP"
"1734APCKIT","1734APCKIT"
"1734ETX2","1734ETX2"
"1734ETX2R","1734ETX2R"
"3MG5BC","3MG5BC"
"3MG5CP","3MG5CP"
"3MG5HE","3MG5HE"
"3MG5SPK","3MG5SPK"
"3MWIR475A","3MWIR475A"
"48X54T2FS","48X54T2FS"
"600-ANWSH","600-ANWSH"
"600-AVT","600-AVT"
"600-BMP100","600-BMP100"
"600-PIMH","600-PIMH"
"700-1734-1","700-1734-1"
"700-1734-3","700-1734-3"
"700-1734-4","700-1734-4"
"700-1734-5","700-1734-5"
"700-1734-7","700-1734-7"
"700-1734-CSW","700-1734-CSW"
"700-20X24SLIM-1","700-20X24SLIM-1"
"700-20X24SLIM-2","700-20X24SLIM-2"
"700-20X24SLIM-3","700-20X24SLIM-3"
"700-20X27SLIM-1","700-20X27SLIM-1"
"700-20X27SLIM-2","700-20X27SLIM-2"
"700-211-7","700-211-7"
"700-211-7CHICK","700-211-7CHICK"
"700-211-8U","700-211-8U"
"700-211S-3","700-211S-3"
"700-211S-8","700-211S-8"
"700-24X36SLIM-1","700-24X36SLIM-1"
"700-24X36SLIM-2","700-24X36SLIM-2"
"700-24X36SLIM-3","700-24X36SLIM-3"
"700-311-1LED","700-311-1LED"
"700-311-3LED","700-311-3LED"
"700-311-4LED","700-311-4LED"
"700-311F-1","700-311F-1"
"700-311F-1BM","700-311F-1BM"
"700-311F-3","700-311F-3"
"700-311F-4","700-311F-4"
"700-311F-5A","700-311F-5A"
"700-311F-5B","700-311F-5B"
"700-311F-6","700-311F-6"
"700-311F-7","700-311F-7"
"700-311F-SWC","700-311F-SWC"
"700-311S-1","700-311S-1"
"700-311S-2","700-311S-2"
"700-311S-4D","700-311S-4D"
"700-311S-4P","700-311S-4P"
"700-311S-6D","700-311S-6D"
"700-311S-6DREV","700-311S-6DREV"
"700-311S-6P","700-311S-6P"
"700-311S-6PREV","700-311S-6PREV"
"700-311S-8BM","700-311S-8BM"
"700-48X54V2-22C","700-48X54V2-22C"
"700-48X54V2-23","700-48X54V2-23"
"700-48X54V2-24","700-48X54V2-24"
"700-48X74-18","700-48X74-18"
"700-48X74-3","700-48X74-3"
"700-48X74-4","700-48X74-4"
"700-48X74-5","700-48X74-5"
"700-48X74-6","700-48X74-6"
"700-91X51-11","700-91X51-11"
"700-91X51-13","700-91X51-13"
"700-91X51-15","700-91X51-15"
"700-91X51-17","700-91X51-17"
"700-91X51-3A","700-91X51-3A"
"700-91X51-3B","700-91X51-3B"
"700-91X51-9","700-91X51-9"
"700-999-28","700-999-28"
"700-999-28A","700-999-28A"
"700-999-29","700-999-29"
"700-999-30","700-999-30"
"700-999-35","700-999-35"
"700-999-37","700-999-37"
"700-999-7V2","700-999-7V2"
"700-999-SPKRBDW","700-999-SPKRBDW"
"700-ANWSFS-10","700-ANWSFS-10"
"700-AV824","700-AV824"
"700-AWNPAT-1","700-AWNPAT-1"
"700-AWNPAT-2","700-AWNPAT-2"
"700-AWNPAT-3","700-AWNPAT-3"
"700-AWNPAT-4","700-AWNPAT-4"
"700-AWNPAT-5","700-AWNPAT-5"
"700-AWNPAT-6","700-AWNPAT-6"
"700-AWNXL-8","700-AWNXL-8"
"700-BHSL","700-BHSL"
"700-BLZ2PRO","700-BLZ2PRO"
"700-BLZGRIDDLE","700-BLZGRIDDLE"
"700-BLZHESTAN30","700-BLZHESTAN30"
"700-BLZHESTAN36","700-BLZHESTAN36"
"700-BRMSCANOPY-5","700-BRMSCANOPY-5"
"700-BRMSCANOPY-9","700-BRMSCANOPY-9"
"700-CDS5","700-CDS5"
"700-CDS8","700-CDS8"
"700-CISBK","700-CISBK"
"700-CITZBANK-6","700-CITZBANK-6"
"700-CUP5SC","700-CUP5SC"
"700-CUPC6","700-CUPC6"
"700-CUPC8","700-CUPC8"
"700-DBSG","700-DBSG"
"700-DD-14","700-DD-14"
"700-DD-15","700-DD-15"
"700-DD-18","700-DD-18"
"700-DD-1B","700-DD-1B"
"700-DD-1L","700-DD-1L"
"700-DD-1R","700-DD-1R"
"700-DD-2","700-DD-2"
"700-DD-2W","700-DD-2W"
"700-DD-3L","700-DD-3L"
"700-DD-4","700-DD-4"
"700-DD-53","700-DD-53"
"700-DD-53V2","700-DD-53V2"
"700-DD-54","700-DD-54"
"700-DD-9","700-DD-9"
"700-DDBAR-1","700-DDBAR-1"
"700-DDBAR-2","700-DDBAR-2"
"700-DDBAR-3","700-DDBAR-3"
"700-DDBAR-5","700-DDBAR-5"
"700-DDBAR-6","700-DDBAR-6"
"700-DDBAR-7","700-DDBAR-7"
"700-DDBAR-8","700-DDBAR-8"
"700-DDBB","700-DDBB"
"700-DDBBR","700-DDBBR"
"700-DDBS","700-DDBS"
"700-DDCANOPY-14","700-DDCANOPY-14"
"700-DDCB","700-DDCB"
"700-DDDC","700-DDDC"
"700-DDGS","700-DDGS"
"700-DDPV-1","700-DDPV-1"
"700-DDPV-3","700-DDPV-3"
"700-DDS","700-DDS"
"700-DDS1","700-DDS1"
"700-DDS2","700-DDS2"
"700-DDST","700-DDST"
"700-DDTA-1","700-DDTA-1"
"700-DDTA-2","700-DDTA-2"
"700-DDTA-3","700-DDTA-3"
"700-DDTA-8","700-DDTA-8"
"700-DDWB","700-DDWB"
"700-DWU-2","700-DWU-2"
"700-DWU-3","700-DWU-3"
"700-DWU-6","700-DWU-6"
"700-FCD","700-FCD"
"700-FCP","700-FCP"
"700-FFR","700-FFR"
"700-HBAC","700-HBAC"
"700-HBC","700-HBC"
"700-HRF-SWC","700-HRF-SWC"
"700-IPB-10","700-IPB-10"
"700-IPB2-1","700-IPB2-1"
"700-ISP-2","700-ISP-2"
"700-ISP-3","700-ISP-3"
"700-ISP-4","700-ISP-4"
"700-ISP-5","700-ISP-5"
"700-ISP-8","700-ISP-8"
"700-ISP-9","700-ISP-9"
"700-JAGBAR-1","700-JAGBAR-1"
"700-JAGCANOPY-11","700-JAGCANOPY-11"
"700-JAGCANOPY-12","700-JAGCANOPY-12"
"700-JAGCANOPY-13","700-JAGCANOPY-13"
"700-JAGCANOPY-14","700-JAGCANOPY-14"
"700-JAGCANOPY-15","700-JAGCANOPY-15"
"700-JAGCANOPY-16","700-JAGCANOPY-16"
"700-JAGCANOPY-5","700-JAGCANOPY-5"
"700-JAGCANOPY-7","700-JAGCANOPY-7"
"700-LBC10","700-LBC10"
"700-LBC6","700-LBC6"
"700-LBCD10","700-LBCD10"
"700-LBCD6","700-LBCD6"
"700-LBE","700-LBE"
"700-LBH6","700-LBH6"
"700-LBL","700-LBL"
"700-LBLA","700-LBLA"
"700-LBLD10","700-LBLD10"
"700-LBLD6","700-LBLD6"
"700-LEDSB-1","700-LEDSB-1"
"700-LEDSB-2","700-LEDSB-2"
"700-MAYODT-15","700-MAYODT-15"
"700-MAYODT-16","700-MAYODT-16"
"700-MAYODT-5","700-MAYODT-5"
"700-MAYODT-6","700-MAYODT-6"
"700-MAYODT-8","700-MAYODT-8"
"700-MONPSH-1","700-MONPSH-1"
"700-MONPSH-2","700-MONPSH-2"
"700-NEL","700-NEL"
"700-NGDT-11","700-NGDT-11"
"700-NGDT-12","700-NGDT-12"
"700-NGDT-13","700-NGDT-13"
"700-NGDT-14","700-NGDT-14"
"700-NGDT-15","700-NGDT-15"
"700-NGDT-2","700-NGDT-2"
"700-NGDT-6C","700-NGDT-6C"
"700-NGPB-1","700-NGPB-1"
"700-NGPB-2","700-NGPB-2"
"700-NGPB-3","700-NGPB-3"
"700-NGPB-5","700-NGPB-5"
"700-NGPB-6","700-NGPB-6"
"700-NGPB-8","700-NGPB-8"
"700-NGSC-2UL","700-NGSC-2UL"
"700-NGSC-2UL-ALUM","700-NGSC-2UL-ALUM"
"700-NGSC-5","700-NGSC-5"
"700-NGSC-6","700-NGSC-6"
"700-OCU-CS-6","700-OCU-CS-6"
"700-OM962-10","700-OM962-10"
"700-OM962-11","700-OM962-11"
"700-OM962-12","700-OM962-12"
"700-OM962-13","700-OM962-13"
"700-OM962-14","700-OM962-14"
"700-OM962-2","700-OM962-2"
"700-OM962-3","700-OM962-3"
"700-OM962-4","700-OM962-4"
"700-OM962-5","700-OM962-5"
"700-OM962-6","700-OM962-6"
"700-OM962-7","700-OM962-7"
"700-OM962-8","700-OM962-8"
"700-OM962-9","700-OM962-9"
"700-PHSG","700-PHSG"
"700-QVF1P-1","700-QVF1P-1"
"700-QVSBT","700-QVSBT"
"700-RSKNFRME-2","700-RSKNFRME-2"
"700-S2K-21","700-S2K-21"
"700-S2K-22","700-S2K-22"
"700-S2K-2A","700-S2K-2A"
"700-S2K-33","700-S2K-33"
"700-S2K-33R1","700-S2K-33R1"
"700-S2KH2200","700-S2KH2200"
"700-SBTCR-9","700-SBTCR-9"
"700-SLHC","700-SLHC"
"700-SLLA","700-SLLA"
"700-SLSA","700-SLSA"
"700-SMP140BC","700-SMP140BC"
"700-SMP140CC","700-SMP140CC"
"700-SMPBRKT3","700-SMPBRKT3"
"700-SMPCHAN2","700-SMPCHAN2"
"700-SMPGUS3","700-SMPGUS3"
"700-SMPSHELF1","700-SMPSHELF1"
"700-SMPTAB","700-SMPTAB"
"700-SMS-13","700-SMS-13"
"700-SMS-14","700-SMS-14"
"700-SMS-14A","700-SMS-14A"
"700-SMS-14SWC","700-SMS-14SWC"
"700-SPB-13","700-SPB-13"
"700-SPCB","700-SPCB"
"700-SPK550-1","700-SPK550-1"
"700-SPK550-2","700-SPK550-2"
"700-SPK550-3","700-SPK550-3"
"700-SPK550-4","700-SPK550-4"
"700-SPK550-5","700-SPK550-5"
"700-SPSLP-S","700-SPSLP-S"
"700-SPSSB","700-SPSSB"
"700-SPSSM-PAN","700-SPSSM-PAN"
"700-SSMR-2-V2","700-SSMR-2-V2"
"700-SUBDT2-6","700-SUBDT2-6"
"700-SUBDT3-1","700-SUBDT3-1"
"700-SUBDT3-7","700-SUBDT3-7"
"700-SUBDT3-HSC","700-SUBDT3-HSC"
"700-SUBDT4-13","700-SUBDT4-13"
"700-SUBDT4-15","700-SUBDT4-15"
"700-SUBDT4-18","700-SUBDT4-18"
"700-SUBDT4-19","700-SUBDT4-19"
"700-SWBOX2-C","700-SWBOX2-C"
"700-T-18","700-T-18"
"700-T-20","700-T-20"
"700-T-30","700-T-30"
"700-T-50","700-T-50"
"700-T-6","700-T-6"
"700-TBVE-15","700-TBVE-15"
"700-TBVE-17","700-TBVE-17"
"700-T-LED-12","700-T-LED-12"
"700-TPLANB-10","700-TPLANB-10"
"700-TPLANB-11","700-TPLANB-11"
"700-TPLANB-12","700-TPLANB-12"
"700-TPLANB-14","700-TPLANB-14"
"700-TPLANB-15","700-TPLANB-15"
"700-TPLANB-16","700-TPLANB-16"
"700-TPLANB-2","700-TPLANB-2"
"700-TPLANB-4","700-TPLANB-4"
"700-TPLANB-5","700-TPLANB-5"
"700-TPLANB-6A","700-TPLANB-6A"
"700-TPLANB-6B","700-TPLANB-6B"
"700-TPLANB-7","700-TPLANB-7"
"700-TPLANB-8","700-TPLANB-8"
"700-WNDWCANOPY-14","700-WNDWCANOPY-14"
"700-XDQKP-SW","700-XDQKP-SW"
"77-311F-GW","77-311F-GW"
"77-48B-BST","77-48B-BST"
"77-48BS-BST","77-48BS-BST"
"77-48CS2-BST","77-48CS2-BST"
"77-48CS-BST","77-48CS-BST"
"77-48DR-BST","77-48DR-BST"
"77-48FS-BST","77-48FS-BST"
"77-48H-BST","77-48H-BST"
"77-48SB-BST","77-48SB-BST"
"77-48SM-BST","77-48SM-BST"
"77-48SW-BST","77-48SW-BST"
"77-48T-BST","77-48T-BST"
"77-48WBS-BST","77-48WBS-BST"
"77-48WBT-BST","77-48WBT-BST"
"77-48WMB-BST","77-48WMB-BST"
"77-AWNXL1-BLU","77-AWNXL1-BLU"
"77-AWNXL2-BLU","77-AWNXL2-BLU"
"77-DD10-DO","77-DD10-DO"
"77-DD10-DP","77-DD10-DP"
"77-DD11-DO","77-DD11-DO"
"77-DD11-DP","77-DD11-DP"
"77-DD16-GW","77-DD16-GW"
"77-DD19-GB","77-DD19-GB"
"77-DD20-GB","77-DD20-GB"
"77-DD36-GB","77-DD36-GB"
"77-DD80-GB","77-DD80-GB"
"77-DD8-GB","77-DD8-GB"
"77-DDB80-BB","77-DDB80-BB"
"77-DDCB10-DO","77-DDCB10-DO"
"77-DDCB11-DO","77-DDCB11-DO"
"77-DDCB2-DO","77-DDCB2-DO"
"77-DDCB5-DO","77-DDCB5-DO"
"77-DDCB9-DO","77-DDCB9-DO"
"77-DDDR1-BB","77-DDDR1-BB"
"77-DDDR1-DO","77-DDDR1-DO"
"77-DDDR1-DP","77-DDDR1-DP"
"77-DDDTPB-BT","77-DDDTPB-BT"
"77-DDFRM-GB","77-DDFRM-GB"
"77-DDIP-GW","77-DDIP-GW"
"77-DDPV-2-GB","77-DDPV-2-GB"
"77-DDPV36-GB","77-DDPV36-GB"
"77-DDSP2-GB","77-DDSP2-GB"
"77-DDSP7-GB","77-DDSP7-GB"
"77-DDXTFAC-BB","77-DDXTFAC-BB"
"77-DDXTFAC-DO","77-DDXTFAC-DO"
"77-DDXTFAC-DP","77-DDXTFAC-DP"
"77-DDXTFA-DO","77-DDXTFA-DO"
"77-DDXTFA-DP","77-DDXTFA-DP"
"77-DDXTFBC-DO","77-DDXTFBC-DO"
"77-DDXTFBC-DP","77-DDXTFBC-DP"
"77-DDXTFB-DO","77-DDXTFB-DO"
"77-DDXTFB-DP","77-DDXTFB-DP"
"77-ICPYP-GW","77-ICPYP-GW"
"77-IPV11-FR","77-IPV11-FR"
"77-IPV1-FR","77-IPV1-FR"
"77-IPV2-FR","77-IPV2-FR"
"77-IPVB-FR","77-IPVB-FR"
"77-IPVBS-FR","77-IPVBS-FR"
"77-IPVBULL-FR","77-IPVBULL-FR"
"77-IPVDR-FR","77-IPVDR-FR"
"77-IPVPOP-FR","77-IPVPOP-FR"
"77-IPVT-BST","77-IPVT-BST"
"77-IPVT-FR","77-IPVT-FR"
"77-ISP2-BT","77-ISP2-BT"
"77-ISP9-BT","77-ISP9-BT"
"77-ISP9-FR","77-ISP9-FR"
"77-ISPMB-BT","77-ISPMB-BT"
"77-JCB1-CUS","77-JCB1-CUS"
"77-PDSLP-BT","77-PDSLP-BT"
"77-PPFC2-BS","77-PPFC2-BS"
"77-QV1P2-FR","77-QV1P2-FR"
"77-QV2-FR","77-QV2-FR"
"77-SBTCRCV2-GW","77-SBTCRCV2-GW"
"77-SDT12-BT","77-SDT12-BT"
"77-SDT13-BT","77-SDT13-BT"
"77-SDTBASE-BT","77-SDTBASE-BT"
"77-SDTB-BT","77-SDTB-BT"
"77-SDTBULL-YG","77-SDTBULL-YG"
"77-SDTDR-BT","77-SDTDR-BT"
"77-SDTHS-BT","77-SDTHS-BT"
"77-SDTIP-GW","77-SDTIP-GW"
"77-SDTPOP-YG","77-SDTPOP-YG"
"77-SDTT-BT","77-SDTT-BT"
"77-SLFP-BST","77-SLFP-BST"
"77-SLMMP-BST","77-SLMMP-BST"
"77-SLTC-BST","77-SLTC-BST"
"77-SMS2L-BT","77-SMS2L-BT"
"77-SMS2L-FR","77-SMS2L-FR"
"77-SMS2L-YG","77-SMS2L-YG"
"77-SMS2R-BT","77-SMS2R-BT"
"77-SMS2R-FR","77-SMS2R-FR"
"77-SMS2R-YG","77-SMS2R-YG"
"77-SPV1-BT","77-SPV1-BT"
"77-SPV3-YG","77-SPV3-YG"
"77-SPVBULL-YG","77-SPVBULL-YG"
"77-SPVDR-BT","77-SPVDR-BT"
"77-SSC2AL-BS","77-SSC2AL-BS"
"77-SUB10A-BT","77-SUB10A-BT"
"77-SUB10C-BT","77-SUB10C-BT"
"77-SUB2-BT","77-SUB2-BT"
"77-SUBB-MA","77-SUBB-MA"
"77-SUBHS-BT","77-SUBHS-BT"
"77-SUBIP-GW","77-SUBIP-GW"
"77-SWBOX2-BT","77-SWBOX2-BT"
"77-TB18-BN","77-TB18-BN"
"77-TB18W-BN","77-TB18W-BN"
"77-TB7-BB","77-TB7-BB"
"77-TB7-DO","77-TB7-DO"
"77-TB7-DP","77-TB7-DP"
"77-TBDRTV-B5","77-TBDRTV-B5"
"77-TBPBSB-GW","77-TBPBSB-GW"
"77-TBVE36-BN","77-TBVE36-BN"
"77-TM3-BT","77-TM3-BT"
"77-TMHS-BT","77-TMHS-BT"
"77-V3C1-HGB","77-V3C1-HGB"
"77-V3C2-HGB","77-V3C2-HGB"
"77-V3F-HGB","77-V3F-HGB"
"77-V7F-HGB","77-V7F-HGB"
"77-VALUPVP-GW","77-VALUPVP-GW"
"77-VGA1-BT","77-VGA1-BT"
"77-VGA2-BT","77-VGA2-BT"
"800-824CB","800-824CB"
"800-AV824","800-AV824"
"800-IND34","800-IND34"
"800-LAM36","800-LAM36"
"800-LPSWBD","800-LPSWBD"
"800-XSLKCB2","800-XSLKCB2"
"824CB","824CB"
"900-AWNXL6-7","900-AWNXL6-7"
"900-AWNXL6-7SA","900-AWNXL6-7SA"
"900-DD-10","900-DD-10"
"900-DD-11","900-DD-11"
"900-DDCB10","900-DDCB10"
"900-DDCB11","900-DDCB11"
"900-DDCB9","900-DDCB9"
"900-DDXTFA","900-DDXTFA"
"900-DDXTFAC","900-DDXTFAC"
"900-DDXTFB","900-DDXTFB"
"900-DDXTFBC","900-DDXTFBC"
"900-ISP-MB","900-ISP-MB"
"900-PVBT","900-PVBT"
"900-SME8050V2","900-SME8050V2"
"900-T-21WC","900-T-21WC"
"900-TB-18","900-TB-18"
"900-V15C1","900-V15C1"
"900-V15C2","900-V15C2"
"950-DT62F","950-DT62F"
"ACC037","ACC037"
"ACR100","ACR100"
"ACR205","ACR205"
"ACR205B","ACR205B"
"ACR270","ACR270"
"ACR285","ACR285"
"ACR350","ACR350"
"ACR450","ACR450"
"APW100","APW100"
"AW140","AW140"
"AW145","AW145"
"BAL232","BAL232"
"BAL328","BAL328"
"BAR004","BAR004"
"BAR006","BAR006"
"BAR40208","BAR40208"
"BAR7311","BAR7311"
"CAN-S3-S-CTCLD-25A93N","CAN-S3-S-CTCLD-25A93N"
"CAN-S3-S-CTCLD-35N93N-M","CAN-S3-S-CTCLD-35N93N-M"
"CAN-S3-W-CTFRM","CAN-S3-W-CTFRM"
"CAP120","CAP120"
"CAP236","CAP236"
"CAP280","CAP280"
"CBL125","CBL125"
"CBL2535M","CBL2535M"
"CBL2550M","CBL2550M"
"CBLSV6","CBLSV6"
"CCF1/8","CCF1/8"
"CDC","CDC"
"CDFO35","CDFO35"
"CIR200","CIR200"
"CIR250","CIR250"
"CONN03","CONN03"
"CONN-116022","CONN-116022"
"CONN-1725698","CONN-1725698"
"CONN196","CONN196"
"CONN197","CONN197"
"CONN198","CONN198"
"CONN199","CONN199"
"CONN201","CONN201"
"CONN-3022276","CONN-3022276"
"CONN400M","CONN400M"
"CONN402","CONN402"
"CONN420","CONN420"
"CONN4212","CONN4212"
"CONN4424","CONN4424"
"CONN520A","CONN520A"
"CONN525","CONN525"
"CONN540","CONN540"
"CONN720","CONN720"
"CONN730","CONN730"
"CONN731","CONN731"
"CONN736","CONN736"
"CONN752","CONN752"
"CONN7580","CONN7580"
"CONN7590","CONN7590"
"CONN760","CONN760"
"CONN770","CONN770"
"CONN771A","CONN771A"
"CONN773","CONN773"
"CONN800A","CONN800A"
"CONN860","CONN860"
"CONN990","CONN990"
"CONN995","CONN995"
"CONN-CV011315TB","CONN-CV011315TB"
"CONNFO4531","CONNFO4531"
"CONNFO4533","CONNFO4533"
"CONNHDMI-VGA","CONNHDMI-VGA"
"COR143","COR143"
"COR183B","COR183B"
"COR20","COR20"
"COR50","COR50"
"COR500","COR500"
"COR580","COR580"
"COR75A","COR75A"
"CSFO15","CSFO15"
"CSFO25","CSFO25"
"CSFO40","CSFO40"
"CSFO50","CSFO50"
"CTR","CTR"
"CUP5BC","CUP5BC"
"CUP6GC","CUP6GC"
"CUP8","CUP8"
"DBIPV-IG","DBIPV-IG"
"DBIPV-OG","DBIPV-OG"
"DCTR","DCTR"
"DCTRSM","DCTRSM"
"DD155","DD155"
"DD450","DD450"
"DD-IND","DD-IND"
"DD-RA","DD-RA"
"DELLKB","DELLKB"
"DELLMOUSE","DELLMOUSE"
"DIN-DNR35S1-2","DIN-DNR35S1-2"
"DMX105","DMX105"
"DMX106A","DMX106A"
"DMX112","DMX112"
"DMX-9GA0812P4J001","DMX-9GA0812P4J001"
"DMX-EC8025M12CA","DMX-EC8025M12CA"
"DRILL#28","DRILL#28"
"DRILL#30","DRILL#30"
"DRILL2","DRILL2"
"DRILL2A","DRILL2A"
"DRILLG5","DRILLG5"
"DROP","DROP"
"DT6700MK","DT6700MK"
"DTT-PCS","DTT-PCS"
"DUN-DT1","DUN-DT1"
"DUN-DT5SPK","DUN-DT5SPK"
"DUN-DT6RPV","DUN-DT6RPV"
"DUN-DTCB","DUN-DTCB"
"ELC234","ELC234"
"ET","ET"
"ETX100","ETX100"
"ETX110","ETX110"
"ETX120","ETX120"
"FUSE.75G","FUSE.75G"
"FUSE1","FUSE1"
"FUSE101","FUSE101"
"GRA1000","GRA1000"
"GRA1100","GRA1100"
"GRA1200","GRA1200"
"GRA1300","GRA1300"
"HDMI-15-M/M","HDMI-15-M/M"
"HEAT-028109-00","HEAT-028109-00"
"HS1/16","HS1/16"
"HS3/16","HS3/16"
"HSG2213","HSG2213"
"HSG225","HSG225"
"HSG230","HSG230"
"HSG243","HSG243"
"HSG248","HSG248"
"HSG255","HSG255"
"HSG268","HSG268"
"HSG268A","HSG268A"
"HSG273","HSG273"
"HSG273A","HSG273A"
"HSG274","HSG274"
"HSG276","HSG276"
"HSG2803","HSG2803"
"HSG281","HSG281"
"HSG802","HSG802"
"HSG803","HSG803"
"HSG804","HSG804"
"HSG9050","HSG9050"
"HSGM780M","HSGM780M"
"HYPERDT","HYPERDT"
"HYPERPCAC","HYPERPCAC"
"HYPERPSS","HYPERPSS"
"HYPERSMARTPS","HYPERSMARTPS"
"IC106","IC106"
"IC112","IC112"
"IC113B","IC113B"
"IC650","IC650"
"IC660","IC660"
"IC720","IC720"
"IC775","IC775"
"IC777","IC777"
"IC782A","IC782A"
"IC900","IC900"
"ICCP","ICCP"
"IDP2000","IDP2000"
"IDT2-B","IDT2-B"
"IND1080","IND1080"
"IND34","IND34"
"IPV-BULL","IPV-BULL"
"IPV-DOOR","IPV-DOOR"
"KBCONE","KBCONE"
"KB-USB","KB-USB"
"KITDDDH","KITDDDH"
"KM","KM"
"KOLAV1734","KOLAV1734"
"LAM15HT3","LAM15HT3"
"LAM25T8","LAM25T8"
"LAM25T8/841","LAM25T8/841"
"LAM31T8","LAM31T8"
"LAM32T8","LAM32T8"
"LAM63","LAM63"
"LAMF400S","LAMF400S"
"LAMF500","LAMF500"
"LAMF600","LAMF600"
"LAMS11230","LAMS11230"
"LAMS124","LAMS124"
"LCD500RTRO","LCD500RTRO"
"LEDPS130","LEDPS130"
"LEDSFPODHO","LEDSFPODHO"
"LOOP210","LOOP210"
"LP500DPL","LP500DPL"
"M1025","M1025"
"M107","M107"
"M108","M108"
"M10B","M10B"
"M1100","M1100"
"M153CLR","M153CLR"
"M155","M155"
"M17","M17"
"M18BLK","M18BLK"
"M19","M19"
"M192","M192"
"M193","M193"
"M20","M20"
"M204","M204"
"M205","M205"
"M21","M21"
"M250","M250"
"M270","M270"
"M285","M285"
"M3","M3"
"M3000","M3000"
"M350","M350"
"M350A","M350A"
"M400BR","M400BR"
"M400EFP","M400EFP"
"M400SEAL","M400SEAL"
"M500","M500"
"M5265","M5265"
"M5275","M5275"
"M601","M601"
"M610","M610"
"M613","M613"
"M614","M614"
"M61LB","M61LB"
"M730","M730"
"M733","M733"
"M741","M741"
"M756","M756"
"M826","M826"
"M831","M831"
"M905","M905"
"MAG125N","MAG125N"
"MEM200","MEM200"
"MNT0060","MNT0060"
"MNT-MB7950","MNT-MB7950"
"MONLCD12","MONLCD12"
"MONLCD12P","MONLCD12P"
"MONPSHC","MONPSHC"
"MOUSE-USB","MOUSE-USB"
"NBS171","NBS171"
"NGARS105","NGARS105"
"NGARS105KIT","NGARS105KIT"
"NGARS125","NGARS125"
"NGARS135","NGARS135"
"NGARS145","NGARS145"
"NGARS155","NGARS155"
"NGARS165","NGARS165"
"NGARSKIT","NGARSKIT"
"NGPSC2PNL","NGPSC2PNL"
"NGSC100C","NGSC100C"
"NGSC110","NGSC110"
"NGSH2AL-B","NGSH2AL-B"
"NGSH2-DSA","NGSH2-DSA"
"NGSH2-MD","NGSH2-MD"
"NGSH2-NA","NGSH2-NA"
"NGSH2-PSA","NGSH2-PSA"
"NUT3320","NUT3320"
"NUT4220","NUT4220"
"NUT8410","NUT8410"
"NUT9250","NUT9250"
"NUT9265","NUT9265"
"OMCPCSTICK","OMCPCSTICK"
"ORDCLASS1","ORDCLASS1"
"PB","PB"
"PB1606RJV2","PB1606RJV2"
"PB321","PB321"
"PC824 8.5","PC824 8.5"
"PCA107","PCA107"
"PCA108","PCA108"
"PCA10906","PCA10906"
"PCA10910","PCA10910"
"PCA10915","PCA10915"
"PCA10925","PCA10925"
"PCA111","PCA111"
"PCA150","PCA150"
"PCA165","PCA165"
"PCA170","PCA170"
"PCA300","PCA300"
"PCA30925-VGA","PCA30925-VGA"
"PCA30930-USB","PCA30930-USB"
"PCA310","PCA310"
"PCA9020","PCA9020"
"PCB-0103","PCB-0103"
"PCB-084S","PCB-084S"
"PCB-084SP","PCB-084SP"
"PCB-364V2","PCB-364V2"
"PCB-383","PCB-383"
"PCB-407","PCB-407"
"PCCF/F","PCCF/F"
"PCCKBM/F","PCCKBM/F"
"PCCKBM/MPS2","PCCKBM/MPS2"
"PCCMSM/F","PCCMSM/F"
"PCCVEM/M","PCCVEM/M"
"PCSNAV2014","PCSNAV2014"
"PCS-WIN7LC","PCS-WIN7LC"
"PCV100","PCV100"
"PCV150","PCV150"
"PCV64405","PCV64405"
"PEX100","PEX100"
"PIP","PIP"
"PLG1040","PLG1040"
"PLG2010","PLG2010"
"PLG2020","PLG2020"
"PLG2030","PLG2030"
"PLG2040","PLG2040"
"PLG4040","PLG4040"
"PLS115","PLS115"
"PLS400","PLS400"
"POL140W","POL140W"
"POS1734ETX2","POS1734ETX2"
"POT140","POT140"
"PS15","PS15"
"PS15824","PS15824"
"PS30","PS30"
"PS30U120","PS30U120"
"PS30U120M","PS30U120M"
"PS765","PS765"
"PS765M","PS765M"
"PS-DR1512","PS-DR1512"
"PS-DR6012","PS-DR6012"
"PS-PCS","PS-PCS"
"PST1","PST1"
"PST1/2","PST1/2"
"PST1/4","PST1/4"
"PST3/4","PST3/4"
"PSTC3001U","PSTC3001U"
"PT790500S591002","PT790500S591002"
"PT-CD7220REAR","PT-CD7220REAR"
"PVCC","PVCC"
"PVCG","PVCG"
"QV1000LED","QV1000LED"
"QV2000LED","QV2000LED"
"QWERTY","QWERTY"
"QWERTYPLB","QWERTYPLB"
"QWERTYR","QWERTYR"
"R10MEG","R10MEG"
"R12K","R12K"
"R2.2KX","R2.2KX"
"R3.9K","R3.9K"
"RE27","RE27"
"REL34","REL34"
"REL400","REL400"
"REL5196","REL5196"
"RFID125BP","RFID125BP"
"RIV130A","RIV130A"
"RM1301","RM1301"
"RP3.9K","RP3.9K"
"RP330A","RP330A"
"S120","S120"
"S126","S126"
"S202A","S202A"
"S210I","S210I"
"S2KD1125","S2KD1125"
"S2KH2300","S2KH2300"
"SCW1145","SCW1145"
"SCW1160","SCW1160"
"SCW1230","SCW1230"
"SCW2415","SCW2415"
"SCW2433","SCW2433"
"SCW2455","SCW2455"
"SCW2458","SCW2458"
"SCW2460","SCW2460"
"SCW2462","SCW2462"
"SCW2463","SCW2463"
"SCW2467","SCW2467"
"SCW2470ECB","SCW2470ECB"
"SCW2478","SCW2478"
"SCW2500","SCW2500"
"SCW2500ECB","SCW2500ECB"
"SCW2620","SCW2620"
"SCW2650","SCW2650"
"SCW2653","SCW2653"
"SCW2655","SCW2655"
"SCW2720","SCW2720"
"SCW2725","SCW2725"
"SCW2740","SCW2740"
"SCW3140","SCW3140"
"SCW3218","SCW3218"
"SCW3240","SCW3240"
"SCW3247","SCW3247"
"SCW4260","SCW4260"
"SCW4265","SCW4265"
"SCW4285","SCW4285"
"SCW4520","SCW4520"
"SCW4620","SCW4620"
"SCW5210","SCW5210"
"SCW7640","SCW7640"
"SCW8100","SCW8100"
"SCW8125","SCW8125"
"SCW8200","SCW8200"
"SCW8210","SCW8210"
"SCW8211","SCW8211"
"SCW9060","SCW9060"
"SCW9110","SCW9110"
"SCWM4010","SCWM4010"
"SH1030CUS","SH1030CUS"
"SH2020CR","SH2020CR"
"SH2040CR","SH2040CR"
"SH2050CR","SH2050CR"
"SH2051CUS","SH2051CUS"
"SH2080CUS","SH2080CUS"
"SH2090CUS","SH2090CUS"
"SM1080","SM1080"
"SM1110","SM1110"
"SM2150","SM2150"
"SM3022","SM3022"
"SM3055","SM3055"
"SM3065","SM3065"
"SM4091","SM4091"
"SM4099","SM4099"
"SM4135","SM4135"
"SM4179","SM4179"
"SM4190","SM4190"
"SM7010","SM7010"
"SM8100","SM8100"
"SME1150","SME1150"
"SME2000","SME2000"
"SME2050","SME2050"
"SME2050C","SME2050C"
"SME2100C","SME2100C"
"SME3000","SME3000"
"SME3000C","SME3000C"
"SME6010","SME6010"
"SME6010C","SME6010C"
"SME6010IM","SME6010IM"
"SME6010MA","SME6010MA"
"SME7020","SME7020"
"SME7030","SME7030"
"SME7040","SME7040"
"SME7050","SME7050"
"SME8020BB","SME8020BB"
"SME8040","SME8040"
"SME8050V2","SME8050V2"
"SME8500","SME8500"
"SME8505","SME8505"
"SME8510","SME8510"
"SME8515","SME8515"
"SME9000","SME9000"
"SME9008","SME9008"
"SME9045","SME9045"
"SME9050","SME9050"
"SMF2025","SMF2025"
"SMF2085","SMF2085"
"SMF2990","SMF2990"
"SMF2995","SMF2995"
"SMF3005","SMF3005"
"SMF3015","SMF3015"
"SMH120","SMH120"
"SMH130","SMH130"
"SMH135","SMH135"
"SMH140","SMH140"
"SMP003","SMP003"
"SMP020-V2","SMP020-V2"
"SMP100","SMP100"
"SMP1100","SMP1100"
"SMP140","SMP140"
"SMP150","SMP150"
"SMP160","SMP160"
"SMP235","SMP235"
"SMP245","SMP245"
"SMP450","SMP450"
"SMP525","SMP525"
"SMP535","SMP535"
"SMS1000","SMS1000"
"SMS2000","SMS2000"
"SMS2000A","SMS2000A"
"SOC105","SOC105"
"SOC130","SOC130"
"SOC160","SOC160"
"SPK2000B","SPK2000B"
"SPK32-4M","SPK32-4M"
"SPK3WI","SPK3WI"
"SPK410","SPK410"
"SPK4WPD","SPK4WPD"
"SSD32GB","SSD32GB"
"SSD64GB","SSD64GB"
"STARS170","STARS170"
"STARS180","STARS180"
"SUBDT2BP","SUBDT2BP"
"SUB-DTC","SUB-DTC"
"SW06","SW06"
"SW185","SW185"
"SW185A","SW185A"
"SW201","SW201"
"SW2125","SW2125"
"SW32","SW32"
"SW32C","SW32C"
"SW49A","SW49A"
"SW4LA","SW4LA"
"SW54420","SW54420"
"SW54423","SW54423"
"SW692","SW692"
"SW730","SW730"
"SWBD1900","SWBD1900"
"SWCCTBST","SWCCTBST"
"SWCCTBT","SWCCTBT"
"SWCCTYG","SWCCTYG"
"TER115","TER115"
"TER150","TER150"
"TER187","TER187"
"TER192","TER192"
"TER192A","TER192A"
"TER210","TER210"
"TER211","TER211"
"TER273","TER273"
"TER634","TER634"
"TER690","TER690"
"TER695A","TER695A"
"TER800","TER800"
"TER805","TER805"
"TMB500","TMB500"
"TOP1003","TOP1003"
"TOP3006","TOP3006"
"TR190","TR190"
"TR225","TR225"
"TR250","TR250"
"TRF30","TRF30"
"TRF30MB","TRF30MB"
"TSSBD3","TSSBD3"
"ULCD500","ULCD500"
"VALUPVP","VALUPVP"
"VCHANNELS","VCHANNELS"
"VENT100","VENT100"
"VESABRK","VESABRK"
"VG1","VG1"
"VIEW1500FR","VIEW1500FR"
"VIEW3025","VIEW3025"
"WAS1210","WAS1210"
"WAS2610","WAS2610"
"WAS3210","WAS3210"
"WAS3630","WAS3630"
"WAS4420","WAS4420"
"WAS4620","WAS4620"
"WAS6420","WAS6420"
"WEL2240","WEL2240"
"WEL2525","WEL2525"
"WEL2640","WEL2640"
"WEL2680","WEL2680"
"WEL2840","WEL2840"
"WIR11141","WIR11141"
"WIR400","WIR400"
"WIR6016GRN","WIR6016GRN"
"WIR6018BLU","WIR6018BLU"
"WIR6018BRN","WIR6018BRN"
"WIR6018GRAY","WIR6018GRAY"
"WIR6018PUR","WIR6018PUR"
"WIR6018RED","WIR6018RED"
"WIR6018YEL","WIR6018YEL"
"WIR6020GRN","WIR6020GRN"
"WIR620BLU","WIR620BLU"
"WIR620ORG","WIR620ORG"
"WIR620PUR","WIR620PUR"
"WIR622RED","WIR622RED"
"WIR9012WHT","WIR9012WHT"
"WIR912ORG","WIR912ORG"
"WIR914GRN","WIR914GRN"
"WIR916PUR","WIR916PUR"
"WK824","WK824"
"WKADQM","WKADQM"
"WKEMI","WKEMI"
"WKOPTIBS","WKOPTIBS"
"WKOPTIBS2","WKOPTIBS2"
"WKOPTIFP","WKOPTIFP"
"WM.75","WM.75"
"WM1.25","WM1.25"
"XSL49A","XSL49A"
"XSLKCB2","XSLKCB2"
"XSLKCB2R","XSLKCB2R"
"XSLKCB34R","XSLKCB34R"
"XTAL245","XTAL245"
