Reference,Product Category
1-510-330-9-0,All / DVR
12V6,All / Labor
1734-DI-REC,All / Labor
1734APCADAP,All / Deliveries
1734ETX,All / Labor
1734ETX2,All / Installation
1734ETX2RK,All / Graphics / Fabric
1734ETXRK,All / General Assembly
1734REF,All / Saleable
3M-70006403987,All / PC
3M1025HE,All / Deliveries
3M1025OTUR,All / Plastics
3M1025S1DT,All / Deliveries
3M10BC,All / General Assembly
3M10BCR,All / Installation
3M10EAP,All / DVR
3M10HEP,All / PC
3M10PC,All / General Assembly
3M10S1,All / DVR
3M10S1DT,All / Expenses
16V6,All / Deliveries
3M7BAP,All / Labor
