StockCode,Warehouse,OnHand
XTAL245,WH/Stock/General Assembly B8 & B11,43.000000
XSLKCB34R,WH/Stock,1.000000
XSLKCB2R,WH/Stock/Welding B1&B5,8.000000
XSLKCB2,WH/Stock/Sheet Metal B6,4.000000
XSL49A,WH/Stock,34.000000
WM1.75,WH/Stock,106.000000
WM.75,WH/Stock,143.000000
WKOPTIMP,WH/Stock,2.000000
WKOPTIFP,WH/Stock,1.000000
WKOPTIBS3,WH/Stock/Welding B1&B5,1.000000
WKOPTIBS2,WH/Stock/Sheet Metal B6,1.000000
WKOPTIBS,WH/Stock,1.000000
WKEMI,WH/Stock/Welding B1&B5,2.000000
WKADQM,WH/Stock,2.000000
WK824,WH/Stock,5.000000
WIR916PUR,WH/Stock,1000.000000
WIR916G/Y,WH/Stock,6445.060000
WIR914GRN,WH/Stock,1000.000000
WIR912ORG,WH/Stock,500.000000
WIR9012WHT,WH/Stock/Welding B1&B5,5500.000000
WIR710,WH/Stock/Welding B1&B5,43.000000
WIR626YEL,WH/Stock,69.169000
WIR626RED,WH/Stock/Sheet Metal B6,69.169000
WIR626BLK,WH/Stock/Welding B1&B5,24.167000
WIR622RED,WH/Stock,1000.000000
WIR620YEL,WH/Stock/Sheet Metal B6,7714.000000
WIR620WHT,WH/Stock,27914.831000
WIR620RED,WH/Stock/Welding B1&B5,909.024000
WIR620PUR,WH/Stock/Sheet Metal B6,4000.000000
WIR620ORG,WH/Stock/Final Finished Goods B9,1545.444000
WIR620GRN,WH/Stock/Welding B1&B5,1990.003000
WIR620GRAY,Partner Locations/Vendors/Topps Powder Coat,997.660000
WIR620BRN,WH/Stock/Sheet Metal B6,97.166000
WIR620BLU,WH/Stock/Raw Materials B5,1733.000000
WIR620BLK,WH/Stock/Final Finished Goods B9,2114.670000
WIR6020GRN,WH/Stock/Sheet Metal B6,1000.000000
WIR6018YEL,WH/Stock/Final Finished Goods B9,4000.000000
WIR6018WHT,WH/Stock/Welding B1&B5,988.250000
WIR6018RED,Partner Locations/Vendors/Topps Powder Coat,1500.000000
WIR6018PUR,WH/Stock/Sheet Metal B6,1890.000000
WIR6018GRN,WH/Stock/Final Finished Goods B9,1756.350000
WIR6018GRAY,WH/Stock,4000.000000
WIR6018BRN,Partner Locations/Vendors/Topps Powder Coat,5000.000000
WIR6018BLU,WH/Stock/Sheet Metal B6,9000.000000
WIR6018BLK,WH/Stock/Final Finished Goods B9,1699.250000
WIR6016GRN,WH/Stock/Welding B1&B5,2000.000000
WIR500GRAY,WH/Stock/Welding B1&B5,5385.850000
WIR450A,WH/Stock/Welding B1&B5,245.000000
WIR400,WH/Stock/Raw Materials B5,344.000000
WIR300,WH/Stock/Welding B1&B5,150.000000
WIR200,WH/Stock/Raw Materials B5,10793.000000
WIR183SO,WH/Stock,288.000000
WIR11141,WH/Stock/Welding B1&B5,3.000000
WIR100,WH/Stock/Raw Materials B5,16250.000000
WEL2865,WH/Stock/Raw Materials B5,830.000000
WEL2845,WH/Stock/Final Finished Goods B9,1060.000000
WEL2840,WH/Stock,105.000000
WEL2710,WH/Stock/Raw Materials B5,436.000000
WEL2700,WH/Stock,3359.000000
WEL2680,WH/Stock/Sheet Metal B6,9.000000
WEL2660,WH/Stock,531.000000
WEL2640,WH/Stock,6400.000000
WEL2630,WH/Stock/Welding B1&B5,468.000000
WEL2525,WH/Stock,376.000000
WEL2520,WH/Stock/Welding B1&B5,934.000000
WEL2240,WH/Stock,420.000000
WB110A,WH/Stock,6618.000000
WB110,WH/Stock/Welding B1&B5,19.000000
WAS6600,WH/Stock/Sheet Metal B6,380.000000
WAS6420,WH/Stock,1291.000000
WAS5635,WH/Stock/Sheet Metal B6,1000.000000
WAS5630,WH/Stock,45.000000
WAS4620,WH/Stock,199.000000
WAS4420,WH/Stock/Welding B1&B5,6129.000000
WAS3640,WH/Stock/Sheet Metal B6,626.000000
WAS3635,WH/Stock,1442.000000
WAS3630,WH/Stock/Welding B1&B5,1027.000000
WAS3625,WH/Stock/Sheet Metal B6,699.000000
WAS3620,WH/Stock/Final Finished Goods B9,1569.000000
WAS3615,WH/Stock/General Assembly B8 & B11,460.000000
WAS3612,WH/Stock/Raw Materials B5,978.000000
WAS3610,WH/Stock/Final Finished Goods B9,425.000000
WAS3420,WH/Stock/Welding B1&B5,4217.000000
WAS3210,WH/Stock,500.000000
WAS3010,WH/Stock/Sheet Metal B6,997.000000
WAS2840,WH/Stock/General Assembly B8 & B11,97.000000
WAS2830,WH/Stock/General Assembly B8 & B11,54.000000
WAS2740,WH/Stock/Tech Stock B11,172.000000
WAS2730,WH/Stock/Tech Finished Goods,165.000000
WAS2680,WH/Stock/Sheet Metal B6,513.000000
WAS2620,WH/Stock/Raw Materials B5,210.000000
WAS2610,WH/Stock,2865.000000
WAS1210,WH/Stock/Sheet Metal B6,498.000000
WAS1000,WH/Stock,95.000000
VIEW3025,WH/Stock/Raw Materials B5,4.000000
VIEW1500FR,WH/Stock,1.000000
VG1,WH/Stock/Sheet Metal B6,16.000000
VESABRK,WH/Stock,60.000000
VENT100,WH/Stock,11.000000
VCHANNELS,WH/Stock/Welding B1&B5,17.000000
VALUPVP,WH/Stock/Sheet Metal B6,4.000000
UV500,WH/Stock,58.000000
UV400,WH/Stock/Welding B1&B5,17.000000
UV200,WH/Stock,22.000000
ULCD500,WH/Stock/Welding B1&B5,26.000000
TSSBD3,WH/Stock,23.000000
TSSBD,WH/Stock/Welding B1&B5,15.000000
TRF30MB,WH/Stock/General Assembly B8 & B11,5.000000
TRF30,WH/Stock/Sheet Metal B6,8.000000
TRF09D,WH/Stock,64.000000
TR250,WH/Stock/Welding B1&B5,823.000000
TR230,WH/Stock/Sheet Metal B6,29.000000
TR225,WH/Stock,66.000000
TR210,WH/Stock,97.000000
TR190,WH/Stock/Welding B1&B5,40.000000
TR170,WH/Stock/Sheet Metal B6,198.000000
TR155,WH/Stock,263.000000
TR150,WH/Stock/General Assembly B8 & B11,17.000000
TR122A,WH/Stock,45.000000
TP-S-6A6A,WH/Stock,41.000000
TOP9000,WH/Stock/Welding B1&B5,30.000000
TOP5006,WH/Stock,1.000000
TOP3006,WH/Stock/General Assembly B8 & B11,3.000000
TOP3003,WH/Stock/Sheet Metal B6,1.000000
TOP1003,WH/Stock,10.000000
TMB500,WH/Stock/Welding B1&B5,20.000000
TL130,WH/Stock/Final Finished Goods B9,30.000000
TER901A,WH/Stock/Final Finished Goods B9,2592.000000
TER805,WH/Stock/Welding B1&B5,950.000000
TER800,WH/Stock/Raw Materials B5,800.000000
TER72B,WH/Stock,683.000000
TER71B,WH/Stock,717.000000
TER695A,WH/Stock,743.000000
TER694,WH/Stock/General Assembly B8 & B11,14.000000
TER690,WH/Stock/Welding B1&B5,2794.000000
TER634,WH/Stock/Sheet Metal B6,541.000000
TER553,WH/Stock/Raw Materials B5,186.000000
TER452,WH/Stock/Sheet Metal B6,40.000000
TER422,WH/Stock,253.000000
TER273,WH/Stock/Welding B1&B5,226.000000
TER211,WH/Stock/Sheet Metal B6,3872.000000
TER210,WH/Stock,383.000000
TER192A,WH/Stock,3192.000000
TER192,WH/Stock/Welding B1&B5,1971.000000
TER187,WH/Stock/Sheet Metal B6,2164.000000
TER1610,WH/Stock/Raw Materials B5,679.000000
TER150,WH/Stock,1858.000000
TER115,WH/Stock/Final Finished Goods B9,536.000000
TER101,WH/Stock/Welding B1&B5,126.000000
TER-B,WH/Stock/Sheet Metal B6,485.000000
TEL175,WH/Stock/Welding B1&B5,9.000000
TEL123,WH/Stock,16.000000
TEL108,WH/Stock,15.000000
TEL106,WH/Stock,3.000000
TBWDFT,WH/Stock,61.000000
SWCCTYG,WH/Stock,2.000000
SWCCTFR,WH/Stock/Sheet Metal B6,2.000000
SWCCTBT,WH/Stock/Welding B1&B5,4.000000
SWCCTBN,WH/Stock,33.000000
SWBD1900,WH/Stock/Welding B1&B5,25.000000
SWBD1300,WH/Stock/Sheet Metal B6,8.000000
SW841,WH/Stock/General Assembly B8 & B11,33.000000
SW730,WH/Stock/Sheet Metal B6,2.000000
SW692,WH/Stock/Final Finished Goods B9,59.000000
SW660,WH/Stock,10.000000
SW59A,WH/Stock/Welding B1&B5,7.000000
SW59,WH/Stock/Welding B1&B5,20.000000
SW54420,WH/Stock/Welding B1&B5,113.000000
SW4LDB,WH/Stock/Sheet Metal B6,36.000000
SW4LA,WH/Stock/Welding B1&B5,417.000000
SW4L,WH/Stock/Welding B1&B5,237.000000
SW49A,WH/Stock/Sheet Metal B6,5.000000
SW49,WH/Stock,10.000000
SW383B,WH/Stock/Sheet Metal B6,988.000000
SW383A,WH/Stock,1753.000000
SW383,WH/Stock/Welding B1&B5,888.000000
SW32C,WH/Stock/Sheet Metal B6,355.000000
SW32B,WH/Stock,187.000000
SW32A,WH/Stock/Welding B1&B5,216.000000
SW32,WH/Stock/Sheet Metal B6,69.000000
SW2125,WH/Stock,16.000000
SW201,WH/Stock/Welding B1&B5,20.000000
SW185A,WH/Stock/Welding B1&B5,129.000000
SW185,WH/Stock/Sheet Metal B6,6.000000
SW1101,WH/Stock/Welding B1&B5,4.000000
SW090,WH/Stock,4.000000
SW08,WH/Stock/Welding B1&B5,6.000000
SW06,WH/Stock/Sheet Metal B6,10.000000
SW01,WH/Stock,52.000000
SW-DB,WH/Stock,310.000000
SW-CCT,WH/Stock,75.000000
SUBDT2BP,WH/Stock,4.000000
STARS180,WH/Stock/Welding B1&B5,44.000000
STARS170,WH/Stock/Sheet Metal B6,1.000000
SSD64GB,WH/Stock,13.000000
SSD32GB,WH/Stock,4.000000
SPR300,WH/Stock/Final Finished Goods B9,1214.000000
SPR250,WH/Stock,17.000000
SPR200,WH/Stock/Welding B1&B5,30.000000
SPK700,WH/Stock,79.000000
SPK550,Partner Locations/Vendors/Topps Powder Coat,3.000000
SPK508M,WH/Stock,3.000000
SPK508,WH/Stock/Welding B1&B5,834.000000
SPK4WPD,WH/Stock/Sheet Metal B6,173.000000
SPK410,WH/Stock,4.000000
SPK3WI,WH/Stock/Sheet Metal B6,16.000000
SPK32-4M,WH/Stock,1.000000
SPK2000B,WH/Stock,29.000000
SOC160,WH/Stock/Raw Materials B5,1471.000000
SOC130,WH/Stock/Sheet Metal B6,8.000000
SOC125,WH/Stock/Welding B1&B5,151.000000
SOC115,WH/Stock/Welding B1&B5,1223.000000
SOC105,WH/Stock/Sheet Metal B6,32.000000
SMS3000,WH/Stock/Final Finished Goods B9,1375.000000
SMS2000A,WH/Stock,21.000000
SMS2000,WH/Stock/Welding B1&B5,199.000000
SMS1000,Partner Locations/Vendors/Topps Powder Coat,874.000000
SMP535,WH/Stock/Welding B1&B5,1.000000
SMP525,WH/Stock/Sheet Metal B6,21.000000
SMP450,WH/Stock/Welding B1&B5,5.000000
SMP246-U,WH/Stock,58.000000
SMP245,WH/Stock/Final Finished Goods B9,25.000000
SMP235,WH/Stock/Raw Materials B5,46.000000
SMP165,WH/Stock/Sheet Metal B6,1.000000
SMP160,WH/Stock/Raw Materials B5,5.000000
SMP150,WH/Stock/Final Finished Goods B9,7.000000
SMP140,WH/Stock,382.000000
SMP1100,WH/Stock/Sheet Metal B6,422.000000
SMP100,WH/Stock/Sheet Metal B6,11.000000
SMP020-V2,WH/Stock,198.000000
SMP010,WH/Stock/Welding B1&B5,4.000000
SMP003,WH/Stock/Welding B1&B5,19.000000
SMH220,WH/Stock,69.000000
SMH210,WH/Stock/Welding B1&B5,147.000000
SMH140,WH/Stock/Sheet Metal B6,6032.000000
SMH135,WH/Stock,14.000000
SMH130,WH/Stock,18.000000
SMH120,WH/Stock/Welding B1&B5,78.000000
SMH105,WH/Stock,54.000000
SMH100,WH/Stock,62.000000
SMF3033,WH/Stock/Sheet Metal B6,3.000000
SMF3032,WH/Stock/Raw Materials B5,3.000000
SMF3027,WH/Stock/Welding B1&B5,13.000000
SMF3022,WH/Stock,13.000000
SMF3015,WH/Stock,1.000000
SMF3010,WH/Stock,13.000000
SMF3005,WH/Stock,4.000000
SMF3000,WH/Stock,91.000000
SMF2995,WH/Stock,2.000000
SMF2990,WH/Stock/Final Finished Goods B9,4.000000
SMF2090,WH/Stock,2.000000
SMF2085,WH/Stock/General Assembly B8 & B11,5.000000
SMF2082,WH/Stock/Sheet Metal B6,20.000000
SMF2081,WH/Stock/Raw Materials B5,14.000000
SMF2025,WH/Stock/Sheet Metal B6,9.000000
SMF2020,WH/Stock/Raw Materials B5,83.000000
SMF2010,WH/Stock/Final Finished Goods B9,9.000000
SMF1095,Partner Locations/Vendors/Topps Powder Coat,25.000000
SMF1090,WH/Stock/Sheet Metal B6,26.000000
SMF1060,WH/Stock/Final Finished Goods B9,96.000000
SMF1050,WH/Stock,81.000000
SMF1040,WH/Stock/General Assembly B8 & B11,47.000000
SMF1020,WH/Stock/Tech Finished Goods,58.000000
SMF1010,Partner Locations/Vendors/Topps Powder Coat,41.000000
SMF1000,WH/Stock/Sheet Metal B6,9.000000
SME9070,WH/Stock,34.000000
SME9066,WH/Stock/Final Finished Goods B9,16.000000
SME9065,WH/Stock,18.000000
SME9060,WH/Stock/General Assembly B8 & B11,12.000000
SME9055,WH/Stock/Tech Finished Goods,12.000000
SME9050,WH/Stock/Sheet Metal B6,26.000000
SME9045,WH/Stock/Raw Materials B5,24.000000
SME9026,WH/Stock/Sheet Metal B6,2.000000
SME9021,WH/Stock/Final Finished Goods B9,2.000000
SME9005,WH/Stock,280.362000
SME9000,WH/Stock/Welding B1&B5,4.000000
SME8515,WH/Stock/Sheet Metal B6,173.000000
SME8510,WH/Stock/Raw Materials B5,179.000000
SME8505,WH/Stock/Final Finished Goods B9,286.000000
SME8500,WH/Stock,375.000000
SME8081,WH/Stock/Welding B1&B5,948.000000
SME8080,WH/Stock/Final Finished Goods B9,1.000000
SME8070,WH/Stock/Welding B1&B5,436.000000
SME8050V2,WH/Stock/Raw Materials B5,5.000000
SME8050,WH/Stock,152.000000
SME8040,WH/Stock/Sheet Metal B6,55.000000
SME8030,WH/Stock,2.000000
SME8020BB,WH/Stock/Sheet Metal B6,7.000000
SME8020,WH/Stock/Final Finished Goods B9,27.000000
SME8000,WH/Stock/Welding B1&B5,107.000000
SME7050,WH/Stock/Sheet Metal B6,112.320000
SME7040,WH/Stock/Raw Materials B5,515.120000
SME7030,WH/Stock/Final Finished Goods B9,632.600000
SME7020,WH/Stock,198.000000
SME6750,WH/Stock/Raw Materials B5,48.000000
SME6700,WH/Stock/Welding B1&B5,1936.000000
SME6010MA,WH/Stock/Final Finished Goods B9,88.000000
SME6010IM,WH/Stock,53.000000
SME6010C,WH/Stock/Sheet Metal B6,13.000000
SME6010,WH/Stock,275.000000
SME3000C,WH/Stock/Raw Materials B5,2.000000
SME3000,WH/Stock/Final Finished Goods B9,53.000000
SME2100C,WH/Stock,8.000000
SME2100,WH/Stock/General Assembly B8 & B11,186.000000
SME2050C,WH/Stock/Welding B1&B5,2.000000
SME2050,WH/Stock/Sheet Metal B6,72.000000
SME2000,WH/Stock/Raw Materials B5,2.000000
SME1150,WH/Stock/Final Finished Goods B9,15.000000
SME1125,WH/Stock,236.833000
SME1100,WH/Stock/Sheet Metal B6,29.890000
SMARTWAVE-KNOB,WH/Stock/Welding B1&B5,26.000000
SMARTWAVE-KIT,WH/Stock/Sheet Metal B6,9.000000
SMARTWAVE,WH/Stock/Sheet Metal B6,2.000000
SM9095,WH/Stock/Final Finished Goods B9,0.253000
SM9009,WH/Stock,686.000000
SM9007,WH/Stock/Sheet Metal B6,1024.166000
SM8100,WH/Stock/Final Finished Goods B9,190.000000
SM8030EC,WH/Stock,25.000000
SM8005,WH/Stock/Final Finished Goods B9,54.000000
SM8000,WH/Stock,318.000000
SM7010,WH/Stock/Sheet Metal B6,160.000000
SM6045,WH/Stock/Raw Materials B5,60.000000
SM6035,WH/Stock/Final Finished Goods B9,164.500000
SM6010,WH/Stock/Sheet Metal B6,71.334000
SM5410,WH/Stock/Final Finished Goods B9,32.000000
SM4320,WH/Stock/Sheet Metal B6,40.000000
SM4250,WH/Stock/Welding B1&B5,587.000000
SM4200,WH/Stock/Sheet Metal B6,25.000000
SM4190,WH/Stock,8.000000
SM4185,WH/Stock,84.400000
SM4179,WH/Stock,19.000000
SM4155,WH/Stock,200.000000
SM4152,WH/Stock,210.000000
SM4140,WH/Stock,385.000000
SM4135,WH/Stock/Welding B1&B5,70.000000
SM4110,WH/Stock/General Assembly B8 & B11,124.249000
SM4100,WH/Stock/Welding B1&B5,4.834000
SM4099,WH/Stock/Tech Finished Goods,24.000000
SM4091,WH/Stock/General Assembly B8 & B11,15.000000
SM4040,WH/Stock/General Assembly B8 & B11,2374.299000
SM4030,WH/Stock/Welding B1&B5,6.000000
SM4010,WH/Stock/Sheet Metal B6,2.500000
SM3090,WH/Stock,6.708000
SM3080,WH/Stock,665.583000
SM3070,WH/Stock,504.000000
SM3065,WH/Stock,58.000000
SM3056,WH/Stock,240.000000
SM3055,WH/Stock,89.000000
SM3051,WH/Stock,160.000000
SM3050,WH/Stock,72.822000
SM3041,WH/Stock,1040.000000
SM3040,WH/Stock,2314.765000
SM3030GW,WH/Stock,1434.000000
SM3030,WH/Stock,777.700000
SM3028,WH/Stock,3389.267000
SM3027,WH/Stock,440.932000
SM3025,WH/Stock,111.600000
SM3022,WH/Stock,2.000000
SM3020,WH/Stock,494.500000
SM2260,WH/Stock,1.000000
SM2220,WH/Stock,88.000000
SM2150,WH/Stock,44.000000
SM2090,WH/Stock,14.000000
SM2070,WH/Stock,77.605000
SM2060,WH/Stock/General Assembly B8 & B11,1386.750000
SM2050,WH/Stock/Sheet Metal B6,141.292000
SM2045,WH/Stock/Raw Materials B5,32.000000
SM2040,WH/Stock,220.000000
SM2030,WH/Stock/Final Finished Goods B9,800.000000
SM2020,WH/Stock,323.000000
SM2008,WH/Stock/Welding B1&B5,720.000000
SM2005,WH/Stock/Raw Materials B5,32.000000
SM1130,WH/Stock/Welding B1&B5,133.148000
SM1120,WH/Stock/Sheet Metal B6,360.000000
SM1110,WH/Stock,116.000000
SM1100,WH/Stock/Welding B1&B5,147.381000
SM1080,WH/Stock/Sheet Metal B6,306.800000
SM1070,WH/Stock,87.111000
SM1041,WH/Stock/Welding B1&B5,147.000000
SM1035,WH/Stock/Final Finished Goods B9,991.429000
SM1030,WH/Stock,107.306000
SM1026,WH/Stock/General Assembly B8 & B11,116.945000
SM1010,WH/Stock/Welding B1&B5,40.000000
SL59A,WH/Stock,14.000000
SL59,WH/Stock/Welding B1&B5,1.000000
SH2090CUS,WH/Stock/Raw Materials B5,2.000000
SH2080OR,WH/Stock/Sheet Metal B6,1.000000
SH2080CUS,WH/Stock,1.000000
SH2080CR,WH/Stock/Welding B1&B5,1.000000
SH2060OR,WH/Stock/Welding B1&B5,2.000000
SH2051CUS,WH/Stock,2.000000
SH2050OR,WH/Stock/General Assembly B8 & B11,3.000000
SH2050CR,WH/Stock/Sheet Metal B6,5.000000
SH2040OR,WH/Stock,3.000000
SH2040CR,WH/Stock/Welding B1&B5,4.000000
SH2020CR,WH/Stock/Raw Materials B5,5.000000
SH1030CUS,WH/Stock,2.000000
SCWM4012,WH/Stock/Sheet Metal B6,487.000000
SCWM4010,WH/Stock,239.000000
SCWM3000,WH/Stock/Welding B1&B5,36.000000
SCWM2510,WH/Stock/Welding B1&B5,1000.000000
SCW9200,WH/Stock/Sheet Metal B6,16.000000
SCW9110,WH/Stock/Welding B1&B5,4.000000
SCW9060,WH/Stock/Sheet Metal B6,68.000000
SCW9050,WH/Stock,80.000000
SCW9000,WH/Stock/Sheet Metal B6,52.000000
SCW8840,WH/Stock,73.000000
SCW8830,WH/Stock/Welding B1&B5,15.000000
SCW8800,WH/Stock/Sheet Metal B6,113.000000
SCW8505,WH/Stock/Welding B1&B5,3969.000000
SCW8504,WH/Stock/Sheet Metal B6,1880.000000
SCW8211,WH/Stock/Final Finished Goods B9,40.000000
SCW8210,WH/Stock,61.000000
SCW8200,WH/Stock/General Assembly B8 & B11,133.000000
SCW8125,WH/Stock/Sheet Metal B6,1361.000000
SCW8105,WH/Stock/Raw Materials B5,838.000000
SCW8100,WH/Stock/Final Finished Goods B9,3655.000000
SCW8075,WH/Stock/General Assembly B8 & B11,1816.000000
SCW8060,WH/Stock/Welding B1&B5,476.000000
SCW8055,WH/Stock/Sheet Metal B6,158.000000
SCW8050,WH/Stock/Raw Materials B5,659.000000
SCW8020,WH/Stock,370.000000
SCW7640,WH/Stock/Raw Materials B5,52.000000
SCW7620,WH/Stock/General Assembly B8 & B11,118.000000
SCW6230,WH/Stock/Raw Materials B5,3484.000000
SCW5300G,WH/Stock/Sheet Metal B6,140.000000
SCW5210,WH/Stock/Welding B1&B5,29.000000
SCW4620,WH/Stock/Sheet Metal B6,58.000000
SCW4608,WH/Stock/Final Finished Goods B9,358.000000
SCW4605,WH/Stock/General Assembly B8 & B11,254.000000
SCW4520,WH/Stock/Sheet Metal B6,65.000000
SCW4510,WH/Stock/Raw Materials B5,107.000000
SCW4410,WH/Stock/General Assembly B8 & B11,794.000000
SCW4325,WH/Stock/Sheet Metal B6,794.000000
SCW4310,WH/Stock/Final Finished Goods B9,2628.000000
SCW4295,WH/Stock,130.000000
SCW4285,WH/Stock/Welding B1&B5,715.000000
SCW4282,WH/Stock/Sheet Metal B6,170.000000
SCW4265,WH/Stock/Welding B1&B5,4575.000000
SCW4263,WH/Stock/Raw Materials B5,5946.000000
SCW4260,WH/Stock,1045.000000
SCW4255,WH/Stock/General Assembly B8 & B11,3821.000000
SCW4240,WH/Stock,1414.000000
SCW3460,WH/Stock/Raw Materials B5,198.000000
SCW3455,WH/Stock/Welding B1&B5,66.000000
SCW3451,WH/Stock/Welding B1&B5,1558.000000
SCW3450,WH/Stock/Sheet Metal B6,364.000000
SCW3430,WH/Stock,88.000000
SCW3420,WH/Stock,6502.000000
SCW3410,WH/Stock,6458.000000
SCW3405,WH/Stock,1065.000000
SCW3400,WH/Stock,21147.000000
SCW3395,WH/Stock,3046.000000
SCW3275,WH/Stock,340.000000
SCW3270,WH/Stock,350.000000
SCW3250,WH/Stock,15385.000000
SCW3247,WH/Stock,104.000000
SCW3240,WH/Stock,1012.000000
SCW3235,WH/Stock,6827.000000
SCW3225,WH/Stock,17672.000000
SCW3222,WH/Stock,1441.000000
SCW3220,WH/Stock,1701.000000
SCW3218,WH/Stock,37232.000000
SCW3215,WH/Stock/Final Finished Goods B9,427.000000
SCW3140,WH/Stock/General Assembly B8 & B11,346.000000
SCW3127,WH/Stock/Final Finished Goods B9,554.000000
SCW3120,WH/Stock/Welding B1&B5,1408.000000
SCW3115,WH/Stock/Sheet Metal B6,273.000000
SCW2801,WH/Stock/Welding B1&B5,86.000000
SCW2800,WH/Stock/Tech Finished Goods,31.000000
SCW2740,WH/Stock/Final Finished Goods B9,16.000000
SCW2730,WH/Stock,35.000000
SCW2725,WH/Stock/Welding B1&B5,43.000000
SCW2720,WH/Stock/Tech Finished Goods,34.000000
SCW2685,WH/Stock/Sheet Metal B6,48.000000
SCW2680,WH/Stock/Final Finished Goods B9,224.000000
SCW2675,WH/Stock,180.000000
SCW2665,WH/Stock/Welding B1&B5,160.000000
SCW2663,WH/Stock/Tech Finished Goods,340.000000
SCW2661,WH/Stock/Sheet Metal B6,418.000000
SCW2660,WH/Stock/Final Finished Goods B9,194.000000
SCW2659,WH/Stock,38.000000
SCW2658,WH/Stock/Welding B1&B5,346.000000
SCW2657,WH/Stock/Tech Finished Goods,410.000000
SCW2656,WH/Stock/Sheet Metal B6,33.000000
SCW2655,WH/Stock/Final Finished Goods B9,33.000000
SCW2653,WH/Stock,92.000000
SCW2650,WH/Stock,195.000000
SCW2628,WH/Stock/Welding B1&B5,50.000000
SCW2620,WH/Stock/Final Finished Goods B9,311.000000
SCW2615,WH/Stock,188.000000
SCW2610,WH/Stock/Tech Finished Goods,635.000000
SCW2500ECB,WH/Stock/Sheet Metal B6,1720.000000
SCW2500,WH/Stock,2490.000000
SCW2480,WH/Stock/Final Finished Goods B9,1288.000000
SCW2479,WH/Stock,321.000000
SCW2478,WH/Stock/Welding B1&B5,54.000000
SCW2473,WH/Stock/Sheet Metal B6,659.000000
SCW2470ECB,WH/Stock/Final Finished Goods B9,2878.000000
SCW2470,WH/Stock,10.000000
SCW2469,WH/Stock/Welding B1&B5,415.000000
SCW2468C,WH/Stock/Tech Finished Goods,474.000000
SCW2468,WH/Stock/Sheet Metal B6,5495.000000
SCW2467,WH/Stock/Final Finished Goods B9,977.000000
SCW2466,WH/Stock,6795.000000
SCW2464,Partner Locations/Vendors/Topps Powder Coat,413.000000
SCW2463,WH/Stock/Raw Materials B5,6476.000000
SCW2462,WH/Stock/Final Finished Goods B9,1004.000000
SCW2461A,WH/Stock,91.000000
SCW2460,Partner Locations/Vendors/Topps Powder Coat,2151.000000
SCW2459,WH/Stock/Raw Materials B5,649.000000
SCW2458,WH/Stock/Final Finished Goods B9,50.000000
SCW2455,WH/Stock,6965.000000
SCW2440,WH/Stock/Tech Finished Goods,34124.000000
SCW2435,WH/Stock/Sheet Metal B6,3890.000000
SCW2433,WH/Stock/Raw Materials B5,9156.000000
SCW2420,WH/Stock/Welding B1&B5,19790.000000
SCW2415,WH/Stock/Tech Finished Goods,2521.000000
SCW2210,WH/Stock/Tech Finished Goods,293.000000
SCW2003,Partner Locations/Vendors/Topps Powder Coat,88.000000
SCW2002,WH/Stock/Sheet Metal B6,93.000000
SCW2001,WH/Stock/Raw Materials B5,93.000000
SCW2000,WH/Stock/Final Finished Goods B9,76.000000
SCW1233,WH/Stock,180.000000
SCW1230,WH/Stock/Welding B1&B5,134.000000
SCW1220,WH/Stock/Sheet Metal B6,412.000000
SCW1210,WH/Stock,96.000000
SCW1160,WH/Stock/Welding B1&B5,69.000000
SCW1150,WH/Stock/Sheet Metal B6,74.000000
SCW1145,WH/Stock,160.000000
SCW1140,WH/Stock,63.000000
SCW1130,WH/Stock,173.000000
SCW1105,WH/Stock/Welding B1&B5,156.000000
SCW1100,Partner Locations/Vendors/Topps Powder Coat,202.000000
SCW1095,WH/Stock/Sheet Metal B6,173.000000
S2KH2300,WH/Stock/Final Finished Goods B9,348.000000
S2KD1125,WH/Stock,2.000000
S2KD1100,WH/Stock/General Assembly B8 & B11,4.000000
S2KD1080,WH/Stock/Welding B1&B5,54.000000
S2KD1000,WH/Stock/Tech Finished Goods,11.000000
S210I,WH/Stock/Raw Materials B5,9.000000
S202A,WH/Stock/Welding B1&B5,6.000000
S200AK,WH/Stock/Sheet Metal B6,2.000000
S126,WH/Stock/Welding B1&B5,8.000000
S120,WH/Stock/Final Finished Goods B9,26.000000
RP330A,WH/Stock/Sheet Metal B6,362.000000
RP3.9K,WH/Stock,293.000000
ROD,WH/Stock/Welding B1&B5,142.000000
RM1301,WH/Stock/Sheet Metal B6,6.000000
RIV150,WH/Stock/Final Finished Goods B9,32847.000000
RIV146,WH/Stock,1034.000000
RIV145,WH/Stock/General Assembly B8 & B11,3000.000000
RIV135,WH/Stock/Sheet Metal B6,1492.000000
RIV130A,WH/Stock/Raw Materials B5,934.000000
RIV122,WH/Stock/General Assembly B8 & B11,782.000000
RIV120A,WH/Stock/Sheet Metal B6,1061.000000
RIV110,WH/Stock,7653.000000
RIV105,WH/Stock/General Assembly B8 & B11,4138.000000
RFID125BP,WH/Stock/Sheet Metal B6,114.000000
RFID-125,WH/Stock/Final Finished Goods B9,90.000000
REL750,WH/Stock/Raw Materials B5,17.000000
REL700,WH/Stock/Final Finished Goods B9,90.000000
REL5196,WH/Stock,36.000000
REL400,WH/Stock/Tech Finished Goods,93.000000
REL34,WH/Stock/Sheet Metal B6,39.000000
RE27,WH/Stock/Raw Materials B5,52.000000
RD220,WH/Stock,72.000000
RA220,WH/Stock/Raw Materials B5,94.000000
R5.6K,WH/Stock/Sheet Metal B6,2743.000000
R47K,WH/Stock/Welding B1&B5,815.000000
R470K,WH/Stock/Sheet Metal B6,85.000000
R470,WH/Stock,127.000000
R47,WH/Stock/Welding B1&B5,98.000000
R4.7K,WH/Stock/Welding B1&B5,683.000000
R300,WH/Stock/Sheet Metal B6,4886.000000
R3.9K,WH/Stock,1000.000000
R22K,WH/Stock,1140.000000
R220K,WH/Stock/Welding B1&B5,75.000000
R220,WH/Stock/Sheet Metal B6,110.000000
R2.2KX,WH/Stock,110.000000
R2.2K,WH/Stock,2081.000000
R1MEG,WH/Stock/Sheet Metal B6,12.000000
R1K,WH/Stock/Raw Materials B5,389.000000
R15K,WH/Stock,1738.000000
R12K,WH/Stock,763.000000
R10MEG,WH/Stock,3290.000000
R10K,WH/Stock/Sheet Metal B6,5498.000000
R100K,WH/Stock/Sheet Metal B6,2019.000000
R100,WH/Stock,1019.000000
R10,WH/Stock/Final Finished Goods B9,5372.000000
QWIK004,WH/Stock,2422.000000
QWERTYR,Partner Locations/Vendors/Topps Powder Coat,4.000000
QWERTYPLF,WH/Stock/Sheet Metal B6,36.000000
QWERTYPLB,WH/Stock/Raw Materials B5,7.000000
QWERTY,WH/Stock,1.000000
QV2000LED,WH/Stock,4.000000
QV1050,WH/Stock,33.000000
QV1025KIT,WH/Stock/Welding B1&B5,2.000000
QV1000LED,WH/Stock/Sheet Metal B6,1.000000
PVCG,WH/Stock/Sheet Metal B6,1.000000
PVCC,WH/Stock/Raw Materials B5,4.000000
PVC4IN,WH/Stock,22.000000
PTRP5,WH/Stock/Welding B1&B5,0.006000
PTHRP5,WH/Stock/Sheet Metal B6,0.653000
PT850,WH/Stock/Raw Materials B5,5.000000
PT790500S591002,WH/Stock/Sheet Metal B6,19.000000
PT-CD7220REAR,WH/Stock/Welding B1&B5,1.000000
PSTC3001U,WH/Stock/Welding B1&B5,22.000000
PST3/4,WH/Stock/Tech Stock B11,40.000000
PST1/4,WH/Stock/Tech Finished Goods,447.458000
PST1/2,WH/Stock/Sheet Metal B6,350.000000
PST1,WH/Stock/Raw Materials B5,450.000000
PS765M,WH/Stock,9.000000
PS765,WH/Stock/Tech Stock B11,2.000000
PS700,WH/Stock/Tech Finished Goods,30.000000
PS57M,WH/Stock,1.000000
PS57,WH/Stock/Welding B1&B5,13.000000
PS30U120M,WH/Stock/Sheet Metal B6,1.000000
PS30U120,WH/Stock,17.000000
PS30,WH/Stock/Welding B1&B5,4.000000
PS15824,WH/Stock/Sheet Metal B6,2.000000
PS15,WH/Stock/Raw Materials B5,8.000000
PS-PCS,WH/Stock/General Assembly B8 & B11,4.000000
PS-DR6012,WH/Stock/Final Finished Goods B9,3.000000
PS-DR1512,WH/Stock,9.000000
POT5KA502,WH/Stock/Raw Materials B5,78.000000
POT250,WH/Stock/Sheet Metal B6,29.000000
POT200,WH/Stock/Final Finished Goods B9,38.000000
POT140,WH/Stock/Raw Materials B5,112.000000
POT130,WH/Stock/Welding B1&B5,3.000000
POT100HW,WH/Stock/Final Finished Goods B9,115.000000
POT100,WH/Stock/Tech Stock B11,19.000000
POS1734ETX2,WH/Stock/Raw Materials B5,19.000000
POL150,WH/Stock/Raw Materials B5,12.000000
POL140W,WH/Stock/Final Finished Goods B9,1.125000
POL140,WH/Stock,44.000000
PLS400,WH/Stock,773.000000
PLS115,WH/Stock/Raw Materials B5,72.000000
PLG4040,WH/Stock/Welding B1&B5,28.000000
PLG3020,WH/Stock/Raw Materials B5,186.000000
PLG2040,WH/Stock,150.000000
PLG2030,WH/Stock/Welding B1&B5,377.000000
PLG2020,WH/Stock/Tech Finished Goods,234.000000
PLG2010,WH/Stock/Sheet Metal B6,782.000000
PLG1065,WH/Stock,63.000000
PLG1050,WH/Stock/Welding B1&B5,38.000000
PLG1040,WH/Stock/Sheet Metal B6,831.000000
PLG1030,WH/Stock/Raw Materials B5,73.000000
PIP,WH/Stock/Welding B1&B5,15.000000
PHONESUPPORT,WH/Stock/Welding B1&B5,9.000000
PEX300,WH/Stock/Welding B1&B5,1426.554000
PEX200,WH/Stock/Sheet Metal B6,1049.876000
PEX100,WH/Stock/Welding B1&B5,2396.267000
PET120,WH/Stock/Sheet Metal B6,120.000000
PEDKIT,WH/Stock/Welding B1&B5,48.000000
PCV64405,WH/Stock,16.000000
PCV150,WH/Stock/Welding B1&B5,13.000000
PCV100,WH/Stock/Tech Finished Goods,24.000000
PCV01381,Partner Locations/Vendors/Topps Powder Coat,12.000000
PCSNAV2014,WH/Stock,31.000000
PCS-WIN7LC,Partner Locations/Vendors/Topps Powder Coat,4.000000
PCH115,WH/Stock,11.000000
PCCVEM/M15,WH/Stock,2.000000
PCCVEM/M,WH/Stock/Raw Materials B5,26.000000
PCCVEM/F35,WH/Stock/Sheet Metal B6,1.000000
PCCMSM/F,WH/Stock,34.000000
PCCM/F3,WH/Stock/Final Finished Goods B9,16.000000
PCCKBM/MPS2,WH/Stock,57.000000
PCCKBM/F,Partner Locations/Vendors/Topps Powder Coat,1.000000
PCCF/F,WH/Stock/Final Finished Goods B9,554.000000
PCCDP100,WH/Stock/Raw Materials B5,149.000000
PCB-4617B,Partner Locations/Vendors/Topps Powder Coat,63.000000
PCB-415,WH/Stock/Raw Materials B5,6.000000
PCB-407,WH/Stock/Final Finished Goods B9,11.000000
PCB-383,WH/Stock/Sheet Metal B6,36.000000
PCB-375,Partner Locations/Vendors/Topps Powder Coat,13.000000
PCB-373,WH/Stock/Sheet Metal B6,118.000000
PCB-366,WH/Stock,18.000000
PCB-364V2,WH/Stock/Final Finished Goods B9,20.000000
PCB-356,WH/Stock,16.000000
PCB-354,WH/Stock,78.000000
PCB-345,WH/Stock/General Assembly B8 & B11,15.000000
PCB-1003,WH/Stock,86.000000
PCB-1002,WH/Stock/Welding B1&B5,86.000000
PCB-1001,Partner Locations/Vendors/Topps Powder Coat,30.000000
PCB-1000,WH/Stock/Sheet Metal B6,60.000000
PCB-084SP,WH/Stock/Raw Materials B5,70.000000
PCB-084S,WH/Stock,30.000000
PCB-076A,WH/Stock/Sheet Metal B6,34.000000
PCB-054,WH/Stock,21.000000
PCB-0103,Partner Locations/Vendors/Topps Powder Coat,2.000000
PCA9020,WH/Stock/Raw Materials B5,26.000000
PCA310,WH/Stock/Final Finished Goods B9,14.000000
PCA30930-USB,WH/Stock,11.000000
PCA30925-VGA,WH/Stock/Welding B1&B5,17.000000
PCA30906-VGA,WH/Stock,43.000000
PCA308,WH/Stock,4.000000
PCA300,WH/Stock,15.000000
PCA170,WH/Stock,3.000000
PCA165,WH/Stock,8.000000
PCA164,WH/Stock,21.000000
PCA150,WH/Stock/Sheet Metal B6,3.000000
PCA111,WH/Stock,2.000000
PCA10925,WH/Stock/Raw Materials B5,93.000000
PCA10915,WH/Stock/Final Finished Goods B9,81.000000
PCA10910,WH/Stock,40.000000
PCA10906,WH/Stock/Welding B1&B5,13.000000
PCA108,WH/Stock/Tech Finished Goods,2.000000
PCA107,WH/Stock/Sheet Metal B6,9.000000
PC824 8.5,WH/Stock,56.000000
PB321,WH/Stock/Welding B1&B5,2.000000
PB1616,WH/Stock/General Assembly B8 & B11,1.000000
PB1606RJV2,WH/Stock/Welding B1&B5,2.000000
PB1606,WH/Stock,4.000000
PB,WH/Stock/Sheet Metal B6,3.000000
ORDCLASS1,WH/Stock/Raw Materials B5,18.000000
OPTKB,WH/Stock/General Assembly B8 & B11,3.000000
OMCTS11,WH/Stock,1.000000
OMCPCSTICK,WH/Stock/Welding B1&B5,1.000000
OGATB300,WH/Stock/General Assembly B8 & B11,6800.000000
OG121,WH/Stock,9994.000000
OG114,WH/Stock/General Assembly B8 & B11,9990.000000
OG107,WH/Stock/Sheet Metal B6,9960.000000
OG078,WH/Stock/Welding B1&B5,7400.000000
OG022,WH/Stock/Sheet Metal B6,9504.000000
NY100,WH/Stock/Final Finished Goods B9,0.533000
NUT9365,WH/Stock,199.000000
NUT9360,WH/Stock/Welding B1&B5,615.000000
NUT9350,WH/Stock/Sheet Metal B6,627.000000
NUT9265,WH/Stock/Final Finished Goods B9,472.000000
NUT9250,WH/Stock/Welding B1&B5,413.000000
NUT8610,WH/Stock,89.000000
NUT8410,WH/Stock/Welding B1&B5,701.000000
NUT8215,WH/Stock/Sheet Metal B6,5400.000000
NUT8210,WH/Stock/Final Finished Goods B9,578.000000
NUT7420,WH/Stock/Sheet Metal B6,2069.000000
NUT7220,WH/Stock/Raw Materials B5,88.000000
NUT5430,WH/Stock/Tech Stock B11,34.000000
NUT4230,WH/Stock/Raw Materials B5,295.000000
NUT4220,WH/Stock,656.000000
NUT3620,WH/Stock,871.000000
NUT3440,WH/Stock/Final Finished Goods B9,184.000000
NUT3430,WH/Stock,588.000000
NUT3420,WH/Stock/Tech Stock B11,718.000000
NUT3320,WH/Stock/Tech Finished Goods,97.000000
NUT3220,WH/Stock/Raw Materials B5,418.000000
NUT3210,WH/Stock/Raw Materials B5,739.000000
NUT3200,WH/Stock,4201.000000
NUT2805,WH/Stock,43.000000
NUT2730,WH/Stock,571.000000
NUT2680,WH/Stock/Tech Stock B11,216.000000
NUT2640,WH/Stock/Tech Stock B11,183.000000
NUT2620,WH/Stock/Welding B1&B5,2900.000000
NUT2610,WH/Stock/Final Finished Goods B9,355.000000
NUT2420,WH/Stock/Tech Finished Goods,228.000000
NUT2410,Partner Locations/Vendors/Topps Powder Coat,1310.000000
NUT2240,WH/Stock/Raw Materials B5,406.000000
NUT2230,WH/Stock/Raw Materials B5,9347.000000
NUT1430,WH/Stock,1206.000000
NUT1420,WH/Stock/Welding B1&B5,993.000000
NUT1410,WH/Stock/Tech Finished Goods,148.000000
NGSH2AL-B,WH/Stock/Welding B1&B5,2.000000
NGSH2-TA,WH/Stock/Final Finished Goods B9,42.000000
NGSH2-PSA,WH/Stock/Raw Materials B5,65.000000
NGSH2-NA,WH/Stock/Sheet Metal B6,262.000000
NGSH2-MD,WH/Stock,641.000000
NGSH2-DSA,WH/Stock,54.000000
NGSC110,WH/Stock,197.000000
NGSC100C,WH/Stock/Welding B1&B5,15.000000
NGSC100,WH/Stock/Sheet Metal B6,434.000000
NGS2K4PVB-DOOR,WH/Stock/Welding B1&B5,5.000000
NGPSC2TPNL,WH/Stock/Sheet Metal B6,5.000000
NGPSC2PNL,WH/Stock/Raw Materials B5,4.000000
NGARSKIT,WH/Stock,17.000000
NGARS165,WH/Stock/Tech Stock B11,219.000000
NGARS155,WH/Stock/Tech Stock B11,238.000000
NGARS145,WH/Stock/Tech Stock B11,21.000000
NGARS135,WH/Stock/Raw Materials B5,45.000000
NGARS125,WH/Stock/Raw Materials B5,54.000000
NGARS105KIT,WH/Stock/General Assembly B8 & B11,5.000000
NGARS105,WH/Stock/Raw Materials B5,114.000000
NBS825,WH/Stock/Welding B1&B5,516.000000
NBS820,WH/Stock/Sheet Metal B6,667.000000
NBS172C,WH/Stock,1927.000000
NBS171,WH/Stock/Sheet Metal B6,265.000000
NBS170A,WH/Stock/Welding B1&B5,2928.000000
NBS170,WH/Stock/Welding B1&B5,3347.000000
NBS165,WH/Stock/Sheet Metal B6,177.000000
MOUSE-USB,WH/Stock/General Assembly B8 & B11,31.000000
MONRPKIT,WH/Stock/Sheet Metal B6,18.000000
MONPSHC,WH/Stock/Raw Materials B5,50.000000
MONLCD2075,WH/Stock/Sheet Metal B6,5.000000
MONLCD12P,WH/Stock/Raw Materials B5,3.000000
MONLCD12,WH/Stock/Final Finished Goods B9,6.000000
MNT0060,WH/Stock/Raw Materials B5,2.000000
MNT-MB7950,WH/Stock/Raw Materials B5,6.000000
MICP,WH/Stock/Raw Materials B5,5.000000
MEM4GBDDR3,WH/Stock/Welding B1&B5,1.000000
MEM200,WH/Stock/Final Finished Goods B9,10.000000
MEM-SD8GB,WH/Stock/Welding B1&B5,36.000000
MEM-375,WH/Stock/Welding B1&B5,1.000000
MAG250,WH/Stock/Final Finished Goods B9,1218.000000
MAG125S,WH/Stock,1255.000000
MAG125N,WH/Stock/Welding B1&B5,60.000000
M905,WH/Stock,250.000000
M865,WH/Stock/Raw Materials B5,77.000000
M860,WH/Stock/Raw Materials B5,155.000000
M838,WH/Stock/Sheet Metal B6,25.000000
M836,WH/Stock/Raw Materials B5,25.000000
M831,WH/Stock,27.000000
M826,WH/Stock,22.000000
M820,WH/Stock,395.000000
M817,WH/Stock,134.000000
M816,WH/Stock,366.000000
M813,WH/Stock,51.000000
M810,WH/Stock,201.000000
M81,WH/Stock,34.000000
M806,WH/Stock,554.500000
M802,WH/Stock,103.000000
M800,WH/Stock,81.500000
M80,WH/Stock,21.000000
M8,WH/Stock,235.000000
M756,WH/Stock/Welding B1&B5,110.000000
M755,WH/Stock/Sheet Metal B6,96.000000
M750,WH/Stock,562.000000
M742,WH/Stock,645.000000
M741,WH/Stock,215.000000
M739,WH/Stock,70.000000
M738,WH/Stock,214.000000
M737,WH/Stock/Welding B1&B5,35.000000
M733,WH/Stock,164.000000
M730,WH/Stock,1565.000000
M720,WH/Stock/Welding B1&B5,136.000000
M710,WH/Stock,337.000000
M700,WH/Stock/Welding B1&B5,295.000000
M70,WH/Stock/Sheet Metal B6,58.000000
M7,WH/Stock,18.000000
M662,WH/Stock,47.000000
M660,WH/Stock,143.000000
M632B,Partner Locations/Vendors/Topps Powder Coat,228.000000
M632,WH/Stock/Sheet Metal B6,59.000000
M62,WH/Stock,118.984000
M61LB,WH/Stock/General Assembly B8 & B11,5774.000000
M618,WH/Stock/Welding B1&B5,365.000000
M614,WH/Stock/Raw Materials B5,691.000000
M613,WH/Stock/Final Finished Goods B9,92.000000
M610,WH/Stock/General Assembly B8 & B11,240.000000
M601,WH/Stock/Welding B1&B5,2585.000000
M5370,WH/Stock,10.000000
M5320,WH/Stock/Welding B1&B5,2.000000
M5275,WH/Stock/Welding B1&B5,74.000000
M5265,WH/Stock/Raw Materials B5,30.000000
M5257,WH/Stock/Final Finished Goods B9,9.000000
M5250,WH/Stock/Raw Materials B5,169.000000
M500,WH/Stock/General Assembly B8 & B11,91.000000
M469,Partner Locations/Vendors/Topps Powder Coat,6.000000
M400SEAL,WH/Stock,2.000000
M400EFP,WH/Stock/Welding B1&B5,134.000000
M400BR,WH/Stock/Sheet Metal B6,112.000000
M350A,WH/Stock/Welding B1&B5,125.000000
M350,WH/Stock/Tech Finished Goods,85.000000
M3000,WH/Stock/Welding B1&B5,16.000000
M3,WH/Stock,137.000000
M296,WH/Stock/Sheet Metal B6,2194.000000
M285,WH/Stock/Welding B1&B5,1775.000000
M280,WH/Stock/Tech Finished Goods,4691.000000
M275,WH/Stock/Sheet Metal B6,216.000000
M270,WH/Stock/Final Finished Goods B9,160.000000
M250,WH/Stock/Sheet Metal B6,100.000000
M240,WH/Stock/Raw Materials B5,4.000000
M225,WH/Stock/General Assembly B8 & B11,840.000000
M224,WH/Stock/Welding B1&B5,138.000000
M22,WH/Stock/Raw Materials B5,447.000000
M21,WH/Stock/Welding B1&B5,1700.000000
M207,WH/Stock,30.000000
M206,WH/Stock,26.000000
M205,WH/Stock,19.000000
M204,WH/Stock/Welding B1&B5,24.000000
M20,WH/Stock,1665.000000
M19BLK,WH/Stock/Final Finished Goods B9,400.000000
M193,WH/Stock/Raw Materials B5,80.000000
M192,WH/Stock,1.000000
M19,WH/Stock,8967.000000
M18BLK,WH/Stock,3300.000000
M18,WH/Stock,178.000000
M17,WH/Stock,43.000000
M165,WH/Stock,22.000000
M155CLR,WH/Stock,5.112000
M155,WH/Stock,8.000000
M153WHT,WH/Stock,4.000000
M153CLR,WH/Stock,9.900000
M12317,WH/Stock,583.000000
M12316,WH/Stock,2197.000000
M1125,WH/Stock,96.000000
M1120,WH/Stock,96.000000
M1100,WH/Stock,9.000000
M10B,WH/Stock,114.000000
M108,WH/Stock,3.000000
M107,WH/Stock,13.000000
M105W,WH/Stock,2.000000
M1058,WH/Stock/Sheet Metal B6,786.000000
M1025,WH/Stock/Raw Materials B5,80.000000
LT350,WH/Stock/Sheet Metal B6,56.000000
LP500DPL,WH/Stock/Welding B1&B5,60.000000
LOOP300,WH/Stock/Final Finished Goods B9,2.000000
LOOP210,WH/Stock/General Assembly B8 & B11,8.000000
LOOP150,WH/Stock/Raw Materials B5,36.000000
LIDAT,WH/Stock,16.000000
LEDSW100P,WH/Stock/Sheet Metal B6,35.000000
LEDSFPODHO,WH/Stock/Final Finished Goods B9,180.000000
LEDPS150,WH/Stock/Tech Finished Goods,17.000000
LEDPS130,WH/Stock/Sheet Metal B6,9.000000
LEDPS125,WH/Stock/Raw Materials B5,49.000000
LEDPS120,WH/Stock,69.000000
LEDPS100,WH/Stock/Sheet Metal B6,4.000000
LEDMB,WH/Stock/Sheet Metal B6,1.000000
LEDFLEX6.2,WH/Stock,325.320000
LCD500RTRO,WH/Stock/Welding B1&B5,1.000000
LAMS13080,WH/Stock,137.000000
LAMS124,WH/Stock/Final Finished Goods B9,304.000000
LAMS11230,WH/Stock/General Assembly B8 & B11,4.000000
LAMF600,WH/Stock/Tech Finished Goods,12.000000
LAMF500,WH/Stock/Sheet Metal B6,6.000000
LAMF4W,WH/Stock/Raw Materials B5,88.000000
LAMF4L,WH/Stock,11.000000
LAMF400S,WH/Stock,3.000000
LAMF400,WH/Stock,111.000000
LAMF3W,WH/Stock,92.000000
LAMF300,WH/Stock,8.000000
LAMF200,WH/Stock,121.000000
LAM63,WH/Stock,25.000000
LAM32T8,WH/Stock,260.000000
LAM31T8,WH/Stock/General Assembly B8 & B11,31.000000
LAM25T8/841,WH/Stock/Sheet Metal B6,15.000000
LAM25T8,WH/Stock,34.000000
LAM17T8,WH/Stock,118.000000
LAM15HT3,WH/Stock/Raw Materials B5,106.000000
LAM13T8,WH/Stock/Final Finished Goods B9,4.000000
KYD100,WH/Stock,14.500000
KOLAV1734,WH/Stock/Sheet Metal B6,129.000000
KM,WH/Stock/Welding B1&B5,38.000000
KITDDDH,WH/Stock/Welding B1&B5,4.000000
KITCUPH,WH/Stock/Sheet Metal B6,5.000000
KBCONE,WH/Stock/Raw Materials B5,17.000000
KB-USB,WH/Stock,35.000000
JC,WH/Stock/Welding B1&B5,286.000000
IPV-DOOR,WH/Stock/Raw Materials B5,22.000000
IPV-BULL,WH/Stock,14.000000
IND500,WH/Stock,452.000000
IND400V3,WH/Stock/Welding B1&B5,7.000000
IND34,WH/Stock,10.000000
IND1080,WH/Stock/Tech Finished Goods,19.000000
IMP130,WH/Stock,30.000000
IMP110,WH/Stock,16.000000
IDT2-B,WH/Stock/Sheet Metal B6,2.000000
IDP2000,WH/Stock,2.000000
ICFT,WH/Stock/Welding B1&B5,3.000000
ICCRT,WH/Stock/Welding B1&B5,2.000000
ICCP,WH/Stock/Tech Finished Goods,1.000000
IC910,WH/Stock,86.000000
IC900,WH/Stock/Welding B1&B5,35.000000
IC885,WH/Stock/Welding B1&B5,114.000000
IC782A,WH/Stock/Welding B1&B5,86.000000
IC777,WH/Stock/Sheet Metal B6,207.000000
IC775,WH/Stock,63.000000
IC720,WH/Stock,455.000000
IC650,WH/Stock,332.000000
IC502,Partner Locations/Vendors/Topps Powder Coat,84.000000
IC500,WH/Stock/Sheet Metal B6,22.000000
IC440,WH/Stock/Raw Materials B5,86.000000
IC113B,WH/Stock/Raw Materials B5,42.000000
IC112,WH/Stock/Final Finished Goods B9,1.000000
IC106,WH/Stock/Sheet Metal B6,26.000000
HYPERSMARTPS,WH/Stock/Raw Materials B5,49.000000
HYPERPSS,WH/Stock,3.000000
HYPERPCAC,WH/Stock/Welding B1&B5,2.000000
HYPERDT,WH/Stock,1.000000
HSGM780M,WH/Stock/General Assembly B8 & B11,1.000000
HSG940M,WH/Stock/Raw Materials B5,7.000000
HSG940,WH/Stock/Raw Materials B5,13.000000
HSG930M,WH/Stock/Final Finished Goods B9,215.000000
HSG930,WH/Stock,43.000000
HSG910M,WH/Stock/Tech Finished Goods,59.000000
HSG9050,WH/Stock/Raw Materials B5,352.000000
HSG900,WH/Stock/Welding B1&B5,115.000000
HSG804,WH/Stock/Raw Materials B5,37.000000
HSG803,WH/Stock/Final Finished Goods B9,39.000000
HSG802,WH/Stock,22.000000
HSG801,WH/Stock/Welding B1&B5,18.000000
HSG754,WH/Stock/Raw Materials B5,302.000000
HSG299,WH/Stock/Sheet Metal B6,27.000000
HSG2820,WH/Stock,347.000000
HSG281A,WH/Stock/Sheet Metal B6,96.000000
HSG281,WH/Stock/Final Finished Goods B9,51.000000
HSG2803,Partner Locations/Vendors/Topps Powder Coat,1119.000000
HSG277,WH/Stock/Raw Materials B5,1756.000000
HSG276,WH/Stock/Final Finished Goods B9,111.000000
HSG275,WH/Stock,3878.000000
HSG274,WH/Stock/Welding B1&B5,161.000000
HSG273A,WH/Stock/Sheet Metal B6,10.000000
HSG273,WH/Stock/Raw Materials B5,35.000000
HSG272,WH/Stock/Welding B1&B5,28.000000
HSG269,WH/Stock/Welding B1&B5,14.000000
HSG268A,WH/Stock/Welding B1&B5,74.000000
HSG268,WH/Stock/Sheet Metal B6,29.000000
HSG260,WH/Stock/Final Finished Goods B9,627.000000
HSG255,WH/Stock/Raw Materials B5,289.000000
HSG249,WH/Stock/Raw Materials B5,23.000000
HSG248,WH/Stock,49.000000
HSG243,WH/Stock,89.000000
HSG230,WH/Stock/General Assembly B8 & B11,5.000000
HSG225,WH/Stock/General Assembly B8 & B11,4.000000
HSG2213,WH/Stock/Welding B1&B5,39.000000
HSG220,WH/Stock/Sheet Metal B6,1.000000
HSG210,WH/Stock,12.000000
HSG1000,WH/Stock,72.000000
HS3/16,WH/Stock/Sheet Metal B6,184.000000
HS1/8,WH/Stock,25.771000
HS1/16,WH/Stock/Welding B1&B5,83.000000
HEAT-028109-00,WH/Stock/Sheet Metal B6,4.000000
HDST400,WH/Stock,11.000000
HDMI-15-M/M,WH/Stock/Sheet Metal B6,5.000000
HD4GRC5,WH/Stock,9.000000
HA200,WH/Stock/Welding B1&B5,1.000000
GRA2100,WH/Stock/Sheet Metal B6,9.000000
GRA2000,WH/Stock/Raw Materials B5,57.000000
GRA1300,WH/Stock/Sheet Metal B6,14.000000
GRA1200,WH/Stock/Raw Materials B5,22.000000
GRA1100,WH/Stock/Final Finished Goods B9,20.000000
GRA1000,WH/Stock,13.000000
GAS200,WH/Stock/Final Finished Goods B9,3390.440000
GAS100,WH/Stock,235.685000
FUSE5,WH/Stock/Raw Materials B5,50.000000
FUSE1G,WH/Stock/Raw Materials B5,112.000000
FUSE101,WH/Stock/Final Finished Goods B9,511.000000
FUSE100,WH/Stock,462.000000
FUSE1,WH/Stock/Raw Materials B5,73.000000
FUSE.75G,WH/Stock/Raw Materials B5,91.000000
FOS6340R,WH/Stock,3.000000
FOS63,WH/Stock/Raw Materials B5,2.000000
FOS32R,WH/Stock,5.000000
FOS32D,WH/Stock/Final Finished Goods B9,1.000000
FOPADV2,WH/Stock/Final Finished Goods B9,9.000000
EXT1000,WH/Stock/Raw Materials B5,2.000000
EVROT,WH/Stock/Final Finished Goods B9,2.000000
EVMHDLED-R,WH/Stock/Sheet Metal B6,1.000000
EVMHDKIT,WH/Stock,2.000000
EVEMBMLED,WH/Stock,3.000000
EVBP,Partner Locations/Vendors/Precision Powder Coat,2.000000
EVABK,WH/Stock/Sheet Metal B6,2.000000
ETX120,WH/Stock/Final Finished Goods B9,28.000000
ETX110,WH/Stock,28.000000
ETX100,WH/Stock/General Assembly B8 & B11,28.000000
ET,WH/Stock/Welding B1&B5,17.000000
ELC600,WH/Stock/Welding B1&B5,10.000000
ELC510,WH/Stock/Welding B1&B5,15.000000
ELC505,WH/Stock/Sheet Metal B6,1104.000000
ELC5023,WH/Stock,290.000000
ELC5018,WH/Stock/Welding B1&B5,55.000000
ELC5000,WH/Stock/Sheet Metal B6,498.000000
ELC375,WH/Stock,25.000000
ELC270,WH/Stock/Welding B1&B5,47.000000
ELC234,WH/Stock/Sheet Metal B6,53.000000
ELC233,WH/Stock,1033.000000
ELC232,WH/Stock/Welding B1&B5,26.000000
ELC231,WH/Stock/Sheet Metal B6,9250.000000
ELC230,WH/Stock,27.000000
ELC229,WH/Stock/General Assembly B8 & B11,5095.000000
ELC2061,WH/Stock/Welding B1&B5,353.000000
DUN-DTCB,WH/Stock,1.000000
DUN-DT6RPV,WH/Stock/Welding B1&B5,1.000000
DUN-DT5SPK,Partner Locations/Vendors/Topps Powder Coat,2.000000
DUN-DT1,WH/Stock/Welding B1&B5,2.000000
DUN-DDXT-DP,WH/Stock/Welding B1&B5,2.000000
DUN-DDXT-DO,WH/Stock/Sheet Metal B6,3.000000
DUN-DDXT-BB,WH/Stock/Raw Materials B5,3.000000
DTT-PCS,WH/Stock/Final Finished Goods B9,1.000000
DT9200X,Partner Locations/Vendors/Precision Powder Coat,125.000000
DT9200,Partner Locations/Vendors/Precision Powder Coat,229.000000
DT9100,WH/Stock/Raw Materials B5,52.000000
DT9000,WH/Stock/Welding B1&B5,125.000000
DT6900BLU,WH/Stock/Raw Materials B5,1.000000
DT6850BLU,WH/Stock,2.000000
DT6700MK,WH/Stock/Sheet Metal B6,5.000000
DT6310BLU,Partner Locations/Vendors/Topps Powder Coat,1.000000
DT6300BLUSKT,WH/Stock/Raw Materials B5,1.000000
DT6050,WH/Stock,106.000000
DT6040BLU,WH/Stock/Raw Materials B5,14.000000
DT6004BLU,WH/Stock/Sheet Metal B6,1.000000
DT6001BLU,WH/Stock/Final Finished Goods B9,1.000000
DT1350CP2,WH/Stock,2.000000
DS-HWPLPV4X4,WH/Stock/Raw Materials B5,3.000000
DS-HWDSVLH072,WH/Stock/Sheet Metal B6,2.000000
DS-HWACCDSV503,WH/Stock/Welding B1&B5,2.000000
DS-HWACCDSV449,WH/Stock/Sheet Metal B6,10.000000
DS-32ELO,WH/Stock/Raw Materials B5,1.000000
DROP,WH/Stock/Sheet Metal B6,136.000000
DRILLG5,WH/Stock/Sheet Metal B6,12.000000
DRILL2A,WH/Stock/General Assembly B8 & B11,24.000000
DRILL2,WH/Stock/Welding B1&B5,12.000000
DRILL#30,WH/Stock/Raw Materials B5,12.000000
DRILL#28,WH/Stock,12.000000
DMX135,WH/Stock/Welding B1&B5,34.000000
DMX115A,WH/Stock/General Assembly B8 & B11,1.000000
DMX112,WH/Stock/Sheet Metal B6,11.000000
DMX106A,WH/Stock/Final Finished Goods B9,5.000000
DMX105A,WH/Stock/General Assembly B8 & B11,27.000000
DMX105,WH/Stock/Welding B1&B5,11.000000
DMX-EC8025M12CA,WH/Stock,5.000000
DMX-9GA0812P4J001,WH/Stock/General Assembly B8 & B11,5.000000
DIN-DNR35S1-2,WH/Stock,4.000000
DELLMOUSE,WH/Stock/Sheet Metal B6,17.000000
DELLKB,WH/Stock/Welding B1&B5,14.000000
DELL7050,WH/Stock/Welding B1&B5,2.000000
DD56,WH/Stock/Welding B1&B5,8.000000
DD450,WH/Stock,39.000000
DD300,WH/Stock/Sheet Metal B6,9.000000
DD155,WH/Stock/Welding B1&B5,37.000000
DD110,WH/Stock/Sheet Metal B6,3049.000000
DD104,WH/Stock,3569.000000
DD100,WH/Stock/Welding B1&B5,170.000000
DD-RA,WH/Stock,36.000000
DD-R,WH/Stock/Welding B1&B5,4179.000000
DD-IND,WH/Stock/Sheet Metal B6,11.000000
DD-G,WH/Stock/Sheet Metal B6,97.000000
DCTRSM,WH/Stock/Raw Materials B5,84.000000
DCTR,WH/Stock/Raw Materials B5,8.000000
DBIPV-OG,WH/Stock/Sheet Metal B6,6.000000
DBIPV-IG,WH/Stock/Raw Materials B5,10.000000
CUPRAL,WH/Stock/Welding B1&B5,149.000000
CUPRA,WH/Stock/Sheet Metal B6,17.000000
CUP8,WH/Stock/Sheet Metal B6,1.000000
CUP6SGC,WH/Stock/Welding B1&B5,1.000000
CUP6S,WH/Stock/Sheet Metal B6,5.000000
CUP6,Partner Locations/Vendors/Topps Powder Coat,1.000000
CUP5S,WH/Stock/Welding B1&B5,2.000000
CUP5CE,Partner Locations/Vendors/Topps Powder Coat,1.000000
CUP5BC,Partner Locations/Vendors/Topps Powder Coat,3.000000
CUP5,WH/Stock/Sheet Metal B6,3.000000
CTR,WH/Stock/Welding B1&B5,3.000000
CSFO50,WH/Stock/Welding B1&B5,2.000000
CSFO40,WH/Stock/Tech Stock B11,7.000000
CSFO35,WH/Stock/Tech Finished Goods,7.000000
CSFO25,WH/Stock/Raw Materials B5,3.000000
CSFO15,WH/Stock/Final Finished Goods B9,7.000000
CSFO10,WH/Stock/Welding B1&B5,2.000000
CRTBDT,WH/Stock/Final Finished Goods B9,16.000000
CRT1200,WH/Stock,9.000000
CRT1100,WH/Stock/Welding B1&B5,1.000000
COR75A,WH/Stock,81.000000
COR75,WH/Stock/Tech Stock B11,38.000000
COR580,WH/Stock/Raw Materials B5,32.000000
COR500,WH/Stock,1.000000
COR50,WH/Stock/Final Finished Goods B9,10.000000
COR3R,WH/Stock,20.000000
COR20,WH/Stock/Final Finished Goods B9,67.000000
COR190,WH/Stock,14.000000
COR183B,WH/Stock/Tech Finished Goods,235.000000
COR183A,WH/Stock,60.000000
COR180,WH/Stock/Raw Materials B5,2.000000
COR143,WH/Stock,16.000000
COR120,WH/Stock/Welding B1&B5,139.000000
COR105,WH/Stock/Final Finished Goods B9,1.000000
COP2017,WH/Stock/Welding B1&B5,238.000000
CONNHDMI-VGA,WH/Stock,10.000000
CONNFO4533,WH/Stock/Welding B1&B5,541.000000
CONNFO4531,WH/Stock/Sheet Metal B6,342.000000
CONNFO4515,WH/Stock/Final Finished Goods B9,108.000000
CONNFO4511,WH/Stock,2025.000000
CONNFO4501,WH/Stock/Welding B1&B5,1375.000000
CONNFO2523,WH/Stock/Raw Materials B5,111.000000
CONNFO1523,WH/Stock,51.000000
CONN995,WH/Stock/Welding B1&B5,9.000000
CONN990,WH/Stock/Sheet Metal B6,9.000000
CONN900,WH/Stock/Raw Materials B5,251.000000
CONN860,WH/Stock/General Assembly B8 & B11,34.000000
CONN800A,WH/Stock/Final Finished Goods B9,73.000000
CONN775A,WH/Stock/Final Finished Goods B9,7.000000
CONN775,WH/Stock,26.000000
CONN773,WH/Stock/Sheet Metal B6,45.000000
CONN772A,WH/Stock/Raw Materials B5,36.000000
CONN772,WH/Stock/Final Finished Goods B9,65.000000
CONN771A,WH/Stock,50.000000
CONN770,WH/Stock/Sheet Metal B6,5.000000
CONN760,WH/Stock/Raw Materials B5,24.000000
CONN759A,WH/Stock,200.000000
CONN7590A,WH/Stock/Welding B1&B5,200.000000
CONN7590,WH/Stock/Sheet Metal B6,129.000000
CONN759,WH/Stock/Raw Materials B5,14.000000
CONN7580,WH/Stock/Sheet Metal B6,189.000000
CONN7570,WH/Stock,107.000000
CONN752,WH/Stock/General Assembly B8 & B11,15.000000
CONN7510,WH/Stock/Sheet Metal B6,105.000000
CONN740,WH/Stock/Raw Materials B5,4.000000
CONN736,WH/Stock,47.000000
CONN735,WH/Stock,36.000000
CONN733,WH/Stock/General Assembly B8 & B11,6.000000
CONN731,WH/Stock/Welding B1&B5,38.000000
CONN730,WH/Stock/Sheet Metal B6,6.000000
CONN720,WH/Stock,15.000000
CONN700,WH/Stock,10.000000
CONN645,WH/Stock,250.000000
CONN640,WH/Stock/General Assembly B8 & B11,9.000000
CONN630,WH/Stock/Welding B1&B5,10.000000
CONN615,WH/Stock/Sheet Metal B6,262.000000
CONN600,WH/Stock/Raw Materials B5,26.000000
CONN580A,WH/Stock,2084.000000
CONN560,WH/Stock/Raw Materials B5,101.000000
CONN540,WH/Stock/Welding B1&B5,1420.000000
CONN525,WH/Stock/Raw Materials B5,26.000000
CONN520A,WH/Stock/Final Finished Goods B9,145.000000
CONN4424,WH/Stock,171.000000
CONN4212,WH/Stock,16.000000
CONN420,WH/Stock/Final Finished Goods B9,36.000000
CONN402,WH/Stock/Welding B1&B5,62.000000
CONN401,WH/Stock/Welding B1&B5,95.000000
CONN400M,WH/Stock/Tech Finished Goods,17.000000
CONN400,WH/Stock/Sheet Metal B6,7.000000
CONN335,WH/Stock/Final Finished Goods B9,44.000000
CONN318,WH/Stock/Welding B1&B5,61.000000
CONN317,WH/Stock/Sheet Metal B6,5.000000
CONN316,WH/Stock/Raw Materials B5,17.000000
CONN315,WH/Stock/Final Finished Goods B9,41.000000
CONN310,WH/Stock/Welding B1&B5,4.000000
CONN302,WH/Stock/Sheet Metal B6,42.000000
CONN300,WH/Stock/Raw Materials B5,12.000000
CONN215,WH/Stock/Raw Materials B5,127.000000
CONN205,WH/Stock/Final Finished Goods B9,121.000000
CONN202A,WH/Stock/Welding B1&B5,18.000000
CONN201,WH/Stock/Raw Materials B5,30.000000
CONN199,Partner Locations/Vendors/Topps Powder Coat,661.000000
CONN198,WH/Stock/Sheet Metal B6,425.000000
CONN197,WH/Stock/Raw Materials B5,814.000000
CONN196,WH/Stock,1856.000000
CONN193,WH/Stock,1217.000000
CONN190A,WH/Stock/Sheet Metal B6,56.000000
CONN182,WH/Stock,1588.000000
CONN179,WH/Stock/Raw Materials B5,326.000000
CONN178,WH/Stock,157.000000
CONN177,WH/Stock/Final Finished Goods B9,381.000000
CONN176,WH/Stock,191.000000
CONN175A,WH/Stock/Welding B1&B5,338.000000
CONN175,Partner Locations/Vendors/Topps Powder Coat,87.000000
CONN155,WH/Stock/Final Finished Goods B9,10.000000
CONN145,Partner Locations/Vendors/Topps Powder Coat,13.000000
CONN125A,WH/Stock/Final Finished Goods B9,122.000000
CONN125,WH/Stock,660.000000
CONN115,WH/Stock/Sheet Metal B6,194.000000
CONN104,WH/Stock,75.000000
CONN103,Partner Locations/Vendors/Topps Powder Coat,67.000000
CONN03,WH/Stock/Final Finished Goods B9,9.000000
CONN-CV011615TB,WH/Stock/Raw Materials B5,12.000000
CONN-CV011315TB,WH/Stock,15.000000
CONN-3022276,WH/Stock/Sheet Metal B6,6.000000
CONN-1725698,WH/Stock/Raw Materials B5,23.000000
CONN-116022,WH/Stock,35.000000
CLIP100,Partner Locations/Vendors/Topps Powder Coat,381.000000
CKPRO,WH/Stock/Welding B1&B5,1.000000
CIT2050A,WH/Stock/Sheet Metal B6,6.000000
CIR250,WH/Stock/Sheet Metal B6,25.000000
CIR200,WH/Stock,14.000000
CDFO35,WH/Stock/Welding B1&B5,2.000000
CDFO15,WH/Stock/Final Finished Goods B9,6.000000
CDC,WH/Stock,7.000000
CCWL,WH/Stock,11.000000
CCW,WH/Stock/Welding B1&B5,86.000000
CCRS001,WH/Stock/Welding B1&B5,11.000000
CCR100,WH/Stock/Welding B1&B5,3.000000
CCF1/8,WH/Stock/Raw Materials B5,45.979000
CCF1/2,WH/Stock/General Assembly B8 & B11,344.000000
CBLSV6,WH/Stock/Welding B1&B5,64.000000
CBLRCA6,WH/Stock/Welding B1&B5,41.000000
CBL2535M,WH/Stock/Final Finished Goods B9,1.000000
CBL2525M,WH/Stock/General Assembly B8 & B11,1.000000
CBL2512M,WH/Stock/Raw Materials B5,4.000000
CBL125,WH/Stock/Sheet Metal B6,40.000000
CASE100,WH/Stock/General Assembly B8 & B11,50.000000
CAP420,WH/Stock/Sheet Metal B6,1152.000000
CAP335,WH/Stock/Final Finished Goods B9,69.000000
CAP320,Partner Locations/Vendors/Topps Powder Coat,1432.000000
CAP300,WH/Stock/Sheet Metal B6,890.000000
CAP298,WH/Stock/Raw Materials B5,67.000000
CAP295,WH/Stock/Final Finished Goods B9,7.000000
CAP280,WH/Stock/General Assembly B8 & B11,32.000000
CAP277,WH/Stock/Raw Materials B5,246.000000
CAP270,WH/Stock,77.000000
CAP240A,WH/Stock/General Assembly B8 & B11,80.000000
CAP236,WH/Stock/Raw Materials B5,33.000000
CAP230,WH/Stock/Final Finished Goods B9,79.000000
CAP220,WH/Stock,271.000000
CAP200,WH/Stock/Raw Materials B5,929.000000
CAP190,WH/Stock,108.000000
CAP165,WH/Stock,81.000000
CAP120,WH/Stock/General Assembly B8 & B11,1450.000000
CAN-S3-W-CTFRM,WH/Stock/Final Finished Goods B9,1.000000
CAN-S3-S-CTCLD-35N93N-M,WH/Stock/General Assembly B8 & B11,1.000000
CAN-S3-S-CTCLD-25A93N,WH/Stock/Welding B1&B5,2.000000
BAR7311,WH/Stock,140.000000
BAR40208,WH/Stock/Final Finished Goods B9,2025.000000
BAR006,WH/Stock/Sheet Metal B6,19.000000
BAR005,WH/Stock/Raw Materials B5,2.000000
BAR004,WH/Stock,992.000000
BAL328,WH/Stock/Raw Materials B5,2.000000
BAL232,WH/Stock/General Assembly B8 & B11,184.000000
AW155P,WH/Stock/Final Finished Goods B9,91.000000
AW155D,WH/Stock,17.000000
AW150,WH/Stock/Welding B1&B5,66.000000
AW145,WH/Stock/Sheet Metal B6,26.000000
AW140,WH/Stock/Raw Materials B5,26.000000
AV824V2R,WH/Stock/Raw Materials B5,5.000000
APW100,WH/Stock/Final Finished Goods B9,4.000000
AFOMKBR,WH/Stock/Final Finished Goods B9,16.000000
ACR550,WH/Stock/Sheet Metal B6,17.760000
ACR450,WH/Stock/Sheet Metal B6,144.000000
ACR350,WH/Stock/Final Finished Goods B9,1.000000
ACR285,WH/Stock/Final Finished Goods B9,3.000000
ACR275,WH/Stock/Tech Stock B11,3.709000
ACR270,WH/Stock/Tech Finished Goods,3.000000
ACR260,WH/Stock/Raw Materials B5,10.000000
ACR245,WH/Stock,8.000000
ACR230,WH/Stock,5.000000
ACR205B,WH/Stock,4.000000
ACR205,WH/Stock,5.000000
ACR195A,WH/Stock,4.000000
ACR100,WH/Stock,20.000000
ACR-OCBKEY,WH/Stock/Sheet Metal B6,2.000000
ACR-CACOAXI0002,WH/Stock/Raw Materials B5,6.000000
ACR-ACMCO5T2000,WH/Stock/Welding B1&B5,23.000000
ACC037,WH/Stock/Raw Materials B5,27.000000
ABS160,WH/Stock/Raw Materials B5,63.200000
ABS150,WH/Stock/Sheet Metal B6,169.000000
ABS130,WH/Stock/Raw Materials B5,10.000000
ABS116,WH/Stock/Welding B1&B5,13.819000
ABS115,WH/Stock/Welding B1&B5,8.000000
950-TB-INTGP,WH/Stock,6.000000
950-TB-3,WH/Stock,465.000000
950-TB-23,Partner Locations/Vendors/Topps Powder Coat,77.000000
950-TB-2,WH/Stock/Sheet Metal B6,3.000000
950-TB-17,WH/Stock/Welding B1&B5,19.000000
950-DT6T-4PF,WH/Stock/Sheet Metal B6,3.000000
950-DT62F,WH/Stock,2.000000
900-V15C2,Partner Locations/Vendors/Topps Powder Coat,8.000000
900-V15C1,WH/Stock/Sheet Metal B6,8.000000
900-TB-EXSUP,WH/Stock,7.000000
900-TB-18,WH/Stock,2.000000
900-T-21WC,WH/Stock,6.000000
900-PVBT,WH/Stock,4.000000
900-ISP-MB,WH/Stock,1.000000
900-DT6DR-2,WH/Stock/Sheet Metal B6,16.000000
900-DT6DR-1,WH/Stock/Raw Materials B5,16.000000
900-DT6700-13,WH/Stock/Final Finished Goods B9,105.000000
900-DT6700-11,WH/Stock,239.000000
900-DT6-ML,WH/Stock,1.000000
900-DDXTFBC,WH/Stock/Sheet Metal B6,21.000000
900-DDXTFB,WH/Stock,21.000000
900-DDXTFAC,WH/Stock/Welding B1&B5,16.000000
900-DDXTFA,WH/Stock/Sheet Metal B6,17.000000
900-DDCPY-MP,WH/Stock,2.000000
900-DDCPY,WH/Stock/Welding B1&B5,1.000000
900-DDCB9,WH/Stock,1.000000
900-DDCB11,WH/Stock,1.000000
900-DDCB10,WH/Stock/Welding B1&B5,1.000000
900-DDBF,WH/Stock/Sheet Metal B6,1.000000
900-DD-11,WH/Stock/Sheet Metal B6,8.000000
900-DD-10,WH/Stock,17.000000
900-AWNXL-WB,WH/Stock/Sheet Metal B6,10.000000
824CBR,WH/Stock,9.000000
824CB,WH/Stock/Welding B1&B5,1.000000
800-XSLKCB2,WH/Stock/Welding B1&B5,8.000000
800-QWERTY,WH/Stock,3.000000
800-OPTKB,WH/Stock,8.000000
800-LPSWDBD,WH/Stock/General Assembly B8 & B11,33.000000
800-LPSWBD,WH/Stock/Sheet Metal B6,1.000000
800-LAM36B,WH/Stock/Raw Materials B5,1.000000
800-LAM36,WH/Stock/General Assembly B8 & B11,3.000000
800-IND34,WH/Stock/General Assembly B8 & B11,7.000000
800-AV824,WH/Stock/Sheet Metal B6,7.000000
800-824CB,WH/Stock/Sheet Metal B6,17.000000
800-400DKB,WH/Stock/Raw Materials B5,16.000000
77-VGA2-BT,WH/Stock/Raw Materials B5,14.000000
77-VGA1-BT,WH/Stock/General Assembly B8 & B11,1.000000
77-VALUPVP-GW,WH/Stock/Sheet Metal B6,2.000000
77-V7F-HGB,WH/Stock/Raw Materials B5,3.000000
77-V3F-HGB,WH/Stock/Sheet Metal B6,1.000000
77-V3C2-HGB,WH/Stock/Sheet Metal B6,2.000000
77-V3C1-HGB,WH/Stock/General Assembly B8 & B11,19.000000
77-TMPOP-BT,WH/Stock/Raw Materials B5,10.000000
77-TMIP-GW,Partner Locations/Vendors/Precision Powder Coat,2.000000
77-TMHS-BT,WH/Stock/Sheet Metal B6,2.000000
77-TMBULL-BT,WH/Stock/General Assembly B8 & B11,9.000000
77-TMB502-BT,WH/Stock/Raw Materials B5,63.000000
77-TM3-BT,WH/Stock/Welding B1&B5,6.000000
77-TBVE8-BN,WH/Stock/Raw Materials B5,26.000000
77-TBVE36-BN,WH/Stock/Welding B1&B5,31.000000
77-TBVE2-BN,WH/Stock/Sheet Metal B6,46.000000
77-TBPBSB-GW,WH/Stock/Sheet Metal B6,10.000000
77-TBPB9R-BN,WH/Stock/Sheet Metal B6,33.000000
77-TBPB9L-BN,WH/Stock/Sheet Metal B6,25.000000
77-TBIP-GW,WH/Stock/Raw Materials B5,3.000000
77-TBEXSUP-BN,WH/Stock/Sheet Metal B6,16.000000
77-TBDRTV-B5,WH/Stock/Raw Materials B5,13.000000
77-TBDR5-B5,WH/Stock/Welding B1&B5,6.000000
77-TBDR4-B5,WH/Stock/Sheet Metal B6,276.000000
77-TBDR3-B5,WH/Stock/Raw Materials B5,276.000000
77-TBDR2-B5,WH/Stock/Sheet Metal B6,188.000000
77-TBDR1-B5,WH/Stock/General Assembly B8 & B11,186.000000
77-TBB2-BN,WH/Stock/General Assembly B8 & B11,2.000000
77-TBB18-BN,WH/Stock/Sheet Metal B6,4.000000
77-TBB1-BN,WH/Stock/Raw Materials B5,3.000000
77-TB8-BN,WH/Stock/Sheet Metal B6,2.000000
77-TB7-DP,WH/Stock/Sheet Metal B6,23.000000
77-TB7-DO,WH/Stock/Raw Materials B5,24.000000
77-TB7-BLU,WH/Stock/Raw Materials B5,4.000000
77-TB7-BB,WH/Stock/General Assembly B8 & B11,28.000000
77-TB7-B5,WH/Stock/Sheet Metal B6,8.000000
77-TB53-B5,WH/Stock/Sheet Metal B6,95.000000
77-TB52-BN,WH/Stock/Raw Materials B5,4.000000
77-TB49-B5,WH/Stock/General Assembly B8 & B11,32.000000
77-TB42-B5,WH/Stock/Sheet Metal B6,15.000000
77-TB39-GW,WH/Stock/Sheet Metal B6,17.000000
77-TB38-BN,Partner Locations/Vendors/Precision Powder Coat,13.000000
77-TB36-BN,WH/Stock/Welding B1&B5,6.000000
77-TB28-B5,WH/Stock/Raw Materials B5,81.000000
77-TB24-B5,WH/Stock,988.000000
77-TB22-B5,WH/Stock/Welding B1&B5,1229.000000
77-TB1R-BN,WH/Stock/Tech Finished Goods,17.000000
77-TB1L-BN,WH/Stock/Sheet Metal B6,19.000000
77-TB18W-BN,WH/Stock/Raw Materials B5,1.000000
77-TB18-BN,WH/Stock,1.000000
77-TB17-GW,WH/Stock,31.000000
77-TB11-B5,WH/Stock,31.000000
77-SWBOX2-BT,WH/Stock/General Assembly B8 & B11,3.000000
77-SUBTMBASE-BT,WH/Stock/Tech Finished Goods,1.000000
77-SUBT-MA,WH/Stock/Sheet Metal B6,4.000000
77-SUBIP-GW,WH/Stock,3.000000
77-SUBHS-BT,WH/Stock/Welding B1&B5,3.000000
77-SUBDR-BT,WH/Stock/Welding B1&B5,1.000000
77-SUBB-MA,WH/Stock/Sheet Metal B6,4.000000
77-SUB2-BT,WH/Stock/General Assembly B8 & B11,44.000000
77-SUB10C-BT,WH/Stock/Welding B1&B5,4.000000
77-SUB10A-BT,WH/Stock/Sheet Metal B6,4.000000
77-SSC2AL-BS,WH/Stock/Raw Materials B5,108.000000
77-SPVPOP-YG,WH/Stock/Final Finished Goods B9,8.000000
77-SPVDR-BT,WH/Stock/Raw Materials B5,6.000000
77-SPVBULL-YG,WH/Stock/Welding B1&B5,9.000000
77-SPV3-YG,WH/Stock/Sheet Metal B6,5.000000
77-SPV1-BT,WH/Stock/Welding B1&B5,1.000000
77-SPSCG-BT,WH/Stock/Raw Materials B5,34.000000
77-SMS2R-YG,WH/Stock,17.000000
77-SMS2R-FR,WH/Stock/General Assembly B8 & B11,15.000000
77-SMS2R-BT,WH/Stock/Raw Materials B5,2.000000
77-SMS2L-YG,WH/Stock/General Assembly B8 & B11,15.000000
77-SMS2L-FR,WH/Stock/General Assembly B8 & B11,15.000000
77-SMS2L-BT,WH/Stock/Sheet Metal B6,2.000000
77-SME9026-BN,WH/Stock/General Assembly B8 & B11,2.000000
77-SME9025-BN,WH/Stock/Welding B1&B5,70.000000
77-SME9021-BN,WH/Stock/Sheet Metal B6,2.000000
77-SME9020-BN,WH/Stock/Raw Materials B5,70.000000
77-SME9015-BN,WH/Stock,68.000000
77-SME9010-BN,WH/Stock/Final Finished Goods B9,66.000000
77-SLTC-BST,WH/Stock/Welding B1&B5,13.000000
77-SLMMP-BST,WH/Stock/Raw Materials B5,33.000000
77-SLFP-BST,WH/Stock,43.000000
77-SLBC-BST,WH/Stock/Final Finished Goods B9,10.000000
77-SDTT-BT,WH/Stock/Welding B1&B5,2.000000
77-SDTPOP-YG,WH/Stock/Raw Materials B5,8.000000
77-SDTIP-GW,WH/Stock/General Assembly B8 & B11,9.000000
77-SDTHS-BT,WH/Stock/Sheet Metal B6,1.000000
77-SDTDR-BT,WH/Stock/Final Finished Goods B9,9.000000
77-SDTBULL-YG,WH/Stock/General Assembly B8 & B11,8.000000
77-SDTBASE-BT,WH/Stock/Raw Materials B5,8.000000
77-SDTB-BT,WH/Stock/Welding B1&B5,3.000000
77-SDT13-BT,WH/Stock/Tech Finished Goods,14.000000
77-SDT12-BT,WH/Stock/Raw Materials B5,20.000000
77-SBTCRCV2-GW,WH/Stock,68.000000
77-SBTCR10-GW,WH/Stock/Sheet Metal B6,4.000000
77-RFID3-BT,WH/Stock/Sheet Metal B6,93.000000
77-RFID2V2-BT,WH/Stock,37.000000
77-QV5-FR,WH/Stock/Welding B1&B5,4.000000
77-QV4-FR,WH/Stock/Welding B1&B5,4.000000
77-QV3-FR,WH/Stock/Final Finished Goods B9,4.000000
77-QV2-FR,WH/Stock/Sheet Metal B6,5.000000
77-QV1P2-FR,WH/Stock/General Assembly B8 & B11,1.000000
77-QV1-FR,WH/Stock/Sheet Metal B6,5.000000
77-PPFC2-BS,WH/Stock,11.000000
77-PDSLP-FR,WH/Stock,1.000000
77-PDSLP-BT,WH/Stock/Sheet Metal B6,9.000000
77-PDSCV-BT,WH/Stock/Sheet Metal B6,6.000000
77-PDSCC-BT,WH/Stock/Sheet Metal B6,6.000000
77-PDSC-BT,WH/Stock,7.000000
77-PDPC-BT,WH/Stock/Sheet Metal B6,6.000000
77-PDHC-BT,WH/Stock/Sheet Metal B6,7.000000
77-PDB-BT,WH/Stock/Final Finished Goods B9,2.000000
77-MSC-BST,WH/Stock/Final Finished Goods B9,8.000000
77-MOCC-BST,WH/Stock/General Assembly B8 & B11,8.000000
77-ISPMB-BT,WH/Stock/Raw Materials B5,2.000000
77-ISP9-FR,WH/Stock/General Assembly B8 & B11,1.000000
77-ISP9-BT,WH/Stock/Sheet Metal B6,2.000000
77-ISP2-BT,WH/Stock/Welding B1&B5,4.000000
77-IPVT-FR,WH/Stock/Raw Materials B5,2.000000
77-IPVT-BST,WH/Stock/General Assembly B8 & B11,2.000000
77-IPVPOP-FR,WH/Stock/General Assembly B8 & B11,2.000000
77-IPVDR-FR,WH/Stock,5.000000
77-IPVBULL-FR,WH/Stock/Sheet Metal B6,2.000000
77-IPVBS-FR,WH/Stock/General Assembly B8 & B11,5.000000
77-IPVB-FR,WH/Stock/Raw Materials B5,2.000000
77-IPV2-FR,WH/Stock,8.000000
77-IPV11-FR,Partner Locations/Vendors/Topps Powder Coat,7.000000
77-IPV1-FR,WH/Stock/Final Finished Goods B9,9.000000
77-ICPYTP-GW,WH/Stock/Raw Materials B5,13.000000
77-ICPYS-BLU,WH/Stock/Welding B1&B5,2.000000
77-ICPYP-GW,Partner Locations/Vendors/Topps Powder Coat,1.000000
77-ICPYLS-BLU,WH/Stock/Final Finished Goods B9,5.000000
77-ICPY9-DP,WH/Stock,3.000000
77-ICPY29-GW,WH/Stock/Raw Materials B5,10.000000
77-ICPY28-GW,WH/Stock/Raw Materials B5,13.000000
77-ICPY25-GW,WH/Stock,13.000000
77-ICPY24-GW,WH/Stock,13.000000
77-ICPY22-GW,WH/Stock/General Assembly B8 & B11,18.000000
77-ICPY21-GW,WH/Stock,12.000000
77-ICPY20-GW,WH/Stock/Final Finished Goods B9,6.000000
77-ICPY19-GW,WH/Stock/Welding B1&B5,2.000000
77-ICPY18-GW,WH/Stock/Raw Materials B5,3.000000
77-HYPERBODY-BT,WH/Stock/Welding B1&B5,2.000000
77-HYPERBASE-BT,WH/Stock/Sheet Metal B6,36.000000
77-EXT1008-B5,WH/Stock/Sheet Metal B6,8.000000
77-EXT1007-B5,WH/Stock,6.000000
77-EXT1006-B5,WH/Stock,6.000000
77-EXT1000-B5,WH/Stock/Welding B1&B5,12.000000
77-DT6WB2-BLU,WH/Stock/Welding B1&B5,43.000000
77-DT6WB-BLU,WH/Stock,29.000000
77-DT6W2-BLU,WH/Stock/Sheet Metal B6,47.000000
77-DT6W-BLU,WH/Stock/Final Finished Goods B9,10.000000
77-DT6SF-BLU,WH/Stock/Sheet Metal B6,24.000000
77-DT6SB-BLU,WH/Stock/Final Finished Goods B9,24.000000
77-DT6PF-BLU,WH/Stock/Welding B1&B5,4.000000
77-DT6OC6R-BLU,WH/Stock/Tech Finished Goods,18.000000
77-DT6OC6L-BLU,Partner Locations/Vendors/Topps Powder Coat,20.000000
77-DT6OC5-BLU,WH/Stock/Raw Materials B5,10.000000
77-DT6OC11-BLU,WH/Stock,5.000000
77-DT6OC1-BLU,WH/Stock/Tech Finished Goods,6.000000
77-DT6MU-BLU,Partner Locations/Vendors/Topps Powder Coat,7.000000
77-DT6ML-BLU,WH/Stock/Sheet Metal B6,7.000000
77-DT6FS-BLU,WH/Stock/Final Finished Goods B9,4.000000
77-DT6FR-BLU,WH/Stock/General Assembly B8 & B11,7.000000
77-DT6FL-BLU,WH/Stock/Raw Materials B5,7.000000
77-DT6FCS-BLU,WH/Stock/General Assembly B8 & B11,7.000000
77-DT6FC-BLU,WH/Stock/Sheet Metal B6,7.000000
77-DT6DR2-BLU,WH/Stock,152.000000
77-DT6DR1-BLU,WH/Stock/Welding B1&B5,140.000000
77-DT6700-8-GW,WH/Stock/Welding B1&B5,11.000000
77-DT6700-7-GW,WH/Stock/Sheet Metal B6,4.000000
77-DT6700-6-GW,WH/Stock/Final Finished Goods B9,11.000000
77-DT6700-12-BLU,WH/Stock/General Assembly B8 & B11,7.000000
77-DT6700-10-DP,WH/Stock/Welding B1&B5,42.000000
77-DT6700-1-BLU,WH/Stock/Sheet Metal B6,1.000000
77-DT64PFT-BLU,WH/Stock/Final Finished Goods B9,1.000000
77-DT64PF-BLU,WH/Stock/General Assembly B8 & B11,9.000000
77-DDXTFBC-BB,WH/Stock/Sheet Metal B6,3.000000
77-DDXTFB-DP,WH/Stock/Raw Materials B5,1.000000
77-DDXTFB-BB,WH/Stock/Welding B1&B5,3.000000
77-DDXTFAC-DP,WH/Stock/Sheet Metal B6,2.000000
77-DDXTFAC-DO,WH/Stock,1.000000
77-DDXTFAC-BB,WH/Stock/Final Finished Goods B9,4.000000
77-DDXTFA-DP,WH/Stock,2.000000
77-DDXTFA-DO,WH/Stock/General Assembly B8 & B11,1.000000
77-DDXTFA-BB,WH/Stock/Welding B1&B5,3.000000
77-DDSPMB-GB,WH/Stock/Sheet Metal B6,2.000000
77-DDSP7-GB,WH/Stock/Raw Materials B5,8.000000
77-DDSP2-GB,WH/Stock/Final Finished Goods B9,6.000000
77-DDPVTC-GW,WH/Stock,2.000000
77-DDPVPB-BT,WH/Stock/General Assembly B8 & B11,3.000000
77-DDPVIP-GW,WH/Stock/Welding B1&B5,2.000000
77-DDPVF-GB,WH/Stock/Sheet Metal B6,2.000000
77-DDPV8-GB,WH/Stock/Raw Materials B5,2.000000
77-DDPV36-GB,WH/Stock,2.000000
77-DDPV-2-GB,WH/Stock,1.000000
77-DDIP3-GW,WH/Stock/Final Finished Goods B9,7.000000
77-DDIP-GW,WH/Stock/General Assembly B8 & B11,6.000000
77-DDFRM-GB,WH/Stock/Sheet Metal B6,2.000000
77-DDDTPB-BT,WH/Stock,5.000000
77-DDDR1-DP,WH/Stock/Raw Materials B5,4.000000
77-DDDR1-DO,WH/Stock/Final Finished Goods B9,4.000000
77-DDDR1-BB,WH/Stock,4.000000
77-DDCPYTP-GW,WH/Stock/General Assembly B8 & B11,1.000000
77-DDCPY8-DO,WH/Stock/Final Finished Goods B9,1.000000
77-DDCPY7-DO,WH/Stock,1.000000
77-DDCPY6-DO,WH/Stock/General Assembly B8 & B11,8.000000
77-DDCPY6-BLU,WH/Stock/Sheet Metal B6,36.000000
77-DDCPY3-DO,WH/Stock/Sheet Metal B6,9.000000
77-DDCPY15-GW,WH/Stock/Raw Materials B5,43.000000
77-DDCPY15-DO,WH/Stock/Final Finished Goods B9,1.000000
77-DDCPY12-DO,WH/Stock/General Assembly B8 & B11,7.000000
77-DDCB5-DO,WH/Stock/Final Finished Goods B9,7.000000
77-DDCB2-DO,WH/Stock,2.000000
77-DDB80-BB,WH/Stock/Raw Materials B5,28.000000
77-DD80-GB,WH/Stock/General Assembly B8 & B11,57.000000
77-DD8-GB,WH/Stock/Welding B1&B5,1.000000
77-DD36-GB,WH/Stock/Raw Materials B5,5.000000
77-DD20-GB,WH/Stock/Raw Materials B5,54.000000
77-DD19-GB,WH/Stock/Welding B1&B5,44.000000
77-DD16-GW,WH/Stock/Raw Materials B5,1.000000
77-DD13-GW,WH/Stock/Final Finished Goods B9,8.000000
77-DD11-DP,WH/Stock/Raw Materials B5,3.000000
77-DD11-DO,WH/Stock/Raw Materials B5,2.000000
77-DD11-BB,WH/Stock,3.000000
77-DD10-DP,WH/Stock/Final Finished Goods B9,1.000000
77-DD10-DO,WH/Stock,1.000000
77-DD10-BB,WH/Stock/Welding B1&B5,3.000000
77-CROCPYWING-BLU,WH/Stock/Sheet Metal B6,3.000000
77-CROCPYTP-BP,WH/Stock/Raw Materials B5,5.000000
77-CROCPYMP-BP,WH/Stock,5.000000
77-CROCPY9-BP,WH/Stock/Final Finished Goods B9,16.000000
77-CROCPY8-BP,WH/Stock,14.000000
77-CROCPY7-BLU,WH/Stock/Welding B1&B5,12.000000
77-CROCPY6-BLU,WH/Stock/Sheet Metal B6,4.000000
77-CROCPY5-BLU,WH/Stock/Raw Materials B5,3.000000
77-CROCPY4-BLU,WH/Stock/General Assembly B8 & B11,1.000000
77-CROCPY3-BLU,WH/Stock/Welding B1&B5,1.000000
77-CROCPY21-BLU,WH/Stock/Raw Materials B5,8.000000
77-CROCPY20-BLU,WH/Stock/Raw Materials B5,5.000000
77-CROCPY2-BP,WH/Stock/Welding B1&B5,28.000000
77-CROCPY15-BP,WH/Stock/Raw Materials B5,14.000000
77-CROCPY14-BP,WH/Stock/Raw Materials B5,14.000000
77-CROCPY12-BP,WH/Stock/Welding B1&B5,14.000000
77-CROCPY1-BLU,WH/Stock/Raw Materials B5,9.000000
77-BROTMEN-10-BM,WH/Stock/Raw Materials B5,7.000000
77-AWNXLCZB-BLU,WH/Stock/Welding B1&B5,8.000000
77-AWNXLCZ-BLU,WH/Stock/Raw Materials B5,8.000000
77-AWNXL3-BLU,WH/Stock/Sheet Metal B6,135.000000
77-AWNXL2-BLU,WH/Stock,15.000000
77-AWNXL1-BLU,WH/Stock,3.000000
77-48WMB-FR,WH/Stock/Final Finished Goods B9,36.000000
77-48WMB-BST,WH/Stock/General Assembly B8 & B11,16.000000
77-48WBT-MA,WH/Stock/Tech Finished Goods,1.000000
77-48WBT-FR,WH/Stock,4.000000
77-48WBT-BST,WH/Stock/General Assembly B8 & B11,4.000000
77-48WBS-FR,WH/Stock/Raw Materials B5,6.000000
77-48WBS-BST,WH/Stock/Final Finished Goods B9,2.000000
77-48T-FR,WH/Stock/Tech Finished Goods,4.000000
77-48SW-FR,WH/Stock/Welding B1&B5,16.000000
77-48SM-FR,Partner Locations/Vendors/Topps Powder Coat,3.000000
77-48SB-FR,WH/Stock/Sheet Metal B6,15.000000
77-48IP-GW,WH/Stock,6.000000
77-48H-FR,WH/Stock/Welding B1&B5,23.000000
77-48H-BST,WH/Stock/Raw Materials B5,4.000000
77-48FS-FR,WH/Stock/Welding B1&B5,6.000000
77-48FS-BST,WH/Stock/Raw Materials B5,4.000000
77-48DR-FR,WH/Stock/Welding B1&B5,18.000000
77-48DR-BST,WH/Stock/Raw Materials B5,4.000000
77-48CS-FR,WH/Stock/Sheet Metal B6,4.000000
77-48BS-FR,WH/Stock/Welding B1&B5,2.000000
77-48B-FR,WH/Stock/Final Finished Goods B9,2.000000
77-400DT-BST,WH/Stock/Sheet Metal B6,2.000000
77-400DB-BST,WH/Stock/Final Finished Goods B9,2.000000
77-311F-GW,WH/Stock/General Assembly B8 & B11,3.000000
77-17348-BT,Partner Locations/Vendors/Topps Powder Coat,10.000000
700-XDQKP-SW,WH/Stock/Welding B1&B5,19.000000
700-WNDWCANOPY-9,WH/Stock/Final Finished Goods B9,32.000000
700-WNDWCANOPY-5,WH/Stock/Raw Materials B5,132.000000
700-WNDWCANOPY-4,WH/Stock/Raw Materials B5,34.000000
700-WNDWCANOPY-3,WH/Stock/Welding B1&B5,60.000000
700-WNDWCANOPY-2,WH/Stock/Sheet Metal B6,34.000000
700-WNDWCANOPY-14,WH/Stock/Raw Materials B5,8.000000
700-WNDWCANOPY-1,WH/Stock/Sheet Metal B6,29.000000
700-VGA-DPC-2,WH/Stock/Final Finished Goods B9,122.000000
700-VGA-DPC-1,WH/Stock,131.000000
700-TPLANB-8,WH/Stock/Raw Materials B5,16.000000
700-TPLANB-7,WH/Stock/Raw Materials B5,7.000000
700-TPLANB-6B,WH/Stock/Final Finished Goods B9,44.000000
700-TPLANB-6A,WH/Stock,33.000000
700-TPLANB-5,WH/Stock/General Assembly B8 & B11,29.000000
700-TPLANB-4,WH/Stock/Welding B1&B5,6.000000
700-TPLANB-3,Partner Locations/Vendors/Topps Powder Coat,6.000000
700-TPLANB-2,WH/Stock/Raw Materials B5,10.000000
700-TPLANB-18,WH/Stock/Final Finished Goods B9,26.000000
700-TPLANB-16,WH/Stock/General Assembly B8 & B11,10.000000
700-TPLANB-15,WH/Stock/Welding B1&B5,25.000000
700-TPLANB-14,Partner Locations/Vendors/Topps Powder Coat,30.000000
700-TPLANB-12,WH/Stock/Raw Materials B5,60.000000
700-TPLANB-11,WH/Stock/Final Finished Goods B9,207.000000
700-TPLANB-10,WH/Stock,24.000000
700-TCH,Partner Locations/Vendors/Topps Powder Coat,238.000000
700-TBVE-9,WH/Stock/Raw Materials B5,275.000000
700-TBVE-8,WH/Stock,21.000000
700-TBVE-7,WH/Stock/Welding B1&B5,78.000000
700-TBVE-6,WH/Stock/Sheet Metal B6,228.000000
700-TBVE-5,WH/Stock,61.000000
700-TBVE-4,WH/Stock,77.000000
700-TBVE-3,WH/Stock,73.000000
700-TBVE-27,WH/Stock,93.000000
700-TBVE-13,WH/Stock/Sheet Metal B6,183.000000
700-TBVE-10,WH/Stock,25.000000
700-TBVE-1,WH/Stock/General Assembly B8 & B11,141.000000
700-T-LED-9,WH/Stock/Welding B1&B5,38.000000
700-T-LED-8,WH/Stock/Tech Finished Goods,51.000000
700-T-LED-7,Partner Locations/Vendors/Topps Powder Coat,69.000000
700-T-LED-6,WH/Stock/Sheet Metal B6,592.000000
700-T-LED-4,WH/Stock/Final Finished Goods B9,65.000000
700-T-LED-3,WH/Stock,1.000000
700-T-LED-2,WH/Stock/General Assembly B8 & B11,15.000000
700-T-LED-12,Partner Locations/Vendors/Precision Powder Coat,28.000000
700-T-LED-11,Partner Locations/Vendors/Topps Powder Coat,45.000000
700-T-LED-10,WH/Stock/Sheet Metal B6,877.000000
700-T-LED-1,WH/Stock/Raw Materials B5,32.000000
700-T-9,Partner Locations/Vendors/Topps Powder Coat,249.000000
700-T-8,Partner Locations/Vendors/Topps Powder Coat,45.000000
700-T-7,WH/Stock/Raw Materials B5,159.000000
700-T-6,WH/Stock/Raw Materials B5,75.000000
700-T-57,WH/Stock/Raw Materials B5,19.000000
700-T-56,WH/Stock/Raw Materials B5,88.000000
700-T-54,WH/Stock/Raw Materials B5,28.000000
700-T-51,WH/Stock,175.000000
700-T-50,WH/Stock/Welding B1&B5,305.000000
700-T-46,WH/Stock/Raw Materials B5,9.000000
700-T-45,WH/Stock/Raw Materials B5,220.000000
700-T-40,WH/Stock/Sheet Metal B6,46.000000
700-T-4,WH/Stock/Raw Materials B5,247.000000
700-T-39,WH/Stock/Raw Materials B5,7.000000
700-T-37,WH/Stock/Final Finished Goods B9,13.000000
700-T-35,WH/Stock,2573.000000
700-T-30,WH/Stock/General Assembly B8 & B11,534.000000
700-T-3,WH/Stock/Welding B1&B5,50.000000
700-T-2R,WH/Stock/Raw Materials B5,8.000000
700-T-2L,WH/Stock/Raw Materials B5,1.000000
700-T-25,WH/Stock/Welding B1&B5,249.000000
700-T-21,WH/Stock/Sheet Metal B6,32.000000
700-T-20,WH/Stock/Welding B1&B5,15.000000
700-T-19,WH/Stock/Sheet Metal B6,1046.000000
700-T-18,WH/Stock/Welding B1&B5,4.000000
700-T-17,WH/Stock/Welding B1&B5,1.000000
700-T-16,WH/Stock,3.000000
700-T-15S,WH/Stock/Welding B1&B5,518.000000
700-T-15,WH/Stock/Sheet Metal B6,50.000000
700-T-14E,WH/Stock/Welding B1&B5,613.000000
700-T-14,WH/Stock/Welding B1&B5,252.000000
700-T-11,WH/Stock/Welding B1&B5,311.000000
700-T-1,WH/Stock/General Assembly B8 & B11,705.000000
700-SWBOX2-C,WH/Stock/Raw Materials B5,21.000000
700-SUBDT4-20V2,WH/Stock/Sheet Metal B6,19.000000
700-SUBDT4-19,WH/Stock/Final Finished Goods B9,32.000000
700-SUBDT4-18,WH/Stock,27.000000
700-SUBDT4-15,Partner Locations/Vendors/Topps Powder Coat,39.000000
700-SUBDT4-13,WH/Stock/Raw Materials B5,83.000000
700-SUBDT3-HSC,Partner Locations/Vendors/Topps Powder Coat,3.000000
700-SUBDT3-7,WH/Stock/Final Finished Goods B9,1.000000
700-SUBDT3-1,WH/Stock/Final Finished Goods B9,1.000000
700-SUBDT2-6,WH/Stock,62.000000
700-SSMR-2-V2,WH/Stock/Welding B1&B5,42.000000
700-SPSSM-PAN,WH/Stock/Welding B1&B5,7.000000
700-SPSSM,WH/Stock/Sheet Metal B6,6.000000
700-SPSSB,WH/Stock/Raw Materials B5,46.000000
700-SPSS,WH/Stock,8.000000
700-SPSLP-S,WH/Stock,10.000000
700-SPSCV,WH/Stock/Raw Materials B5,13.000000
700-SPSCHCOM,WH/Stock/Sheet Metal B6,20.000000
700-SPSCH,WH/Stock/Raw Materials B5,18.000000
700-SPSCB,WH/Stock/Sheet Metal B6,12.000000
700-SPK550-5,WH/Stock/Raw Materials B5,29.000000
700-SPK550-4,WH/Stock,29.000000
700-SPK550-3,WH/Stock/Sheet Metal B6,22.000000
700-SPK550-2,WH/Stock/Raw Materials B5,27.000000
700-SPK550-1,WH/Stock/Raw Materials B5,18.000000
700-SPCB,WH/Stock/Final Finished Goods B9,17.000000
700-SPB-13,WH/Stock,22.000000
700-SMS-14SWC,WH/Stock/Sheet Metal B6,2.000000
700-SMS-14A,WH/Stock/Raw Materials B5,10.000000
700-SMS-14,WH/Stock/Final Finished Goods B9,19.000000
700-SMS-13,WH/Stock,490.000000
700-SMPTAB,WH/Stock,17.000000
700-SMPSHELF3,WH/Stock/Sheet Metal B6,3.000000
700-SMPSHELF1,WH/Stock/Raw Materials B5,25.000000
700-SMPGUS3,WH/Stock/Final Finished Goods B9,29.000000
700-SMPCHANS,WH/Stock/Welding B1&B5,27.000000
700-SMPCHAN2,Partner Locations/Vendors/Topps Powder Coat,17.000000
700-SMPCHAN1,WH/Stock/Raw Materials B5,3.000000
700-SMPBRKT3,WH/Stock/Raw Materials B5,74.000000
700-SMPBRKT2,WH/Stock,36.000000
700-SMPANGLE,WH/Stock,54.000000
700-SMP160BC,WH/Stock/Raw Materials B5,5.000000
700-SMP150CC,WH/Stock/Raw Materials B5,2.000000
700-SMP140CC,WH/Stock,10.000000
700-SMP140BC,WH/Stock/General Assembly B8 & B11,10.000000
700-SLT,WH/Stock/Raw Materials B5,54.000000
700-SLSD,WH/Stock/Final Finished Goods B9,20.000000
700-SLSA,WH/Stock,184.000000
700-SLMMC,WH/Stock/Welding B1&B5,8.000000
700-SLLD,WH/Stock/Final Finished Goods B9,26.000000
700-SLLA,WH/Stock,178.000000
700-SLKB,WH/Stock/Welding B1&B5,22.000000
700-SLHC,WH/Stock/Welding B1&B5,1.000000
700-SLBC,WH/Stock/Raw Materials B5,2.000000
700-SLB,WH/Stock,25.000000
700-SBTCR-9,WH/Stock/Sheet Metal B6,157.000000
700-SBTCR-8,WH/Stock,429.000000
700-SBTCR-5,WH/Stock/Sheet Metal B6,372.000000
700-SBTCR-4V2,WH/Stock,180.000000
700-SBTCR-3,WH/Stock/Welding B1&B5,294.000000
700-SBTCR-2,WH/Stock/Sheet Metal B6,25.000000
700-SASIMB-6,WH/Stock/Tech Finished Goods,11.000000
700-SASIMB-3,WH/Stock,10.000000
700-S2KH2200,WH/Stock/Final Finished Goods B9,359.000000
700-S2K-51,WH/Stock/Tech Finished Goods,12.000000
700-S2K-4,WH/Stock,22.000000
700-S2K-3B,WH/Stock/Welding B1&B5,77.000000
700-S2K-3A,WH/Stock/Sheet Metal B6,40.000000
700-S2K-33R1,WH/Stock/Raw Materials B5,52.000000
700-S2K-33,WH/Stock/Final Finished Goods B9,176.000000
700-S2K-32,WH/Stock,34.000000
700-S2K-2C,Partner Locations/Vendors/Topps Powder Coat,51.000000
700-S2K-2BR,WH/Stock/Sheet Metal B6,125.000000
700-S2K-2B,WH/Stock/Raw Materials B5,71.000000
700-S2K-2AR,WH/Stock/Welding B1&B5,41.000000
700-S2K-2A,WH/Stock/Welding B1&B5,33.000000
700-S2K-22,WH/Stock/Raw Materials B5,212.000000
700-S2K-21,WH/Stock/Raw Materials B5,62.000000
700-RSKNFRME-2,WH/Stock/Tech Finished Goods,96.000000
700-QVSR,WH/Stock,14.000000
700-QVSL,WH/Stock,12.000000
700-QVSBT,WH/Stock,14.000000
700-QVLED,WH/Stock,23.000000
700-QVLBT,WH/Stock,11.000000
700-QVLB,WH/Stock,6.000000
700-QVF1P-1,WH/Stock,2.000000
700-QVCS,WH/Stock,52.000000
700-PSS,WH/Stock,87.000000
700-POLLOTROP-8,WH/Stock,5.000000
700-POLLOTROP-7,WH/Stock,14.000000
700-POLLOTROP-5,WH/Stock,23.000000
700-POLLOTROP-4,WH/Stock/Final Finished Goods B9,5.000000
700-POLLOTROP-3,WH/Stock/Tech Finished Goods,22.000000
700-PNLDTWNG-6,WH/Stock,18.000000
700-PNLDTWNG-5,WH/Stock/General Assembly B8 & B11,8.000000
700-PHSG,WH/Stock/Tech Stock B11,31.000000
700-PDTT,WH/Stock/Tech Finished Goods,75.000000
700-PDTB,WH/Stock,24.000000
700-PDSC,WH/Stock,10.000000
700-PDSB,WH/Stock/General Assembly B8 & B11,6.000000
700-PDS,WH/Stock,35.000000
700-PDPL,WH/Stock,26.000000
700-PDP,WH/Stock/General Assembly B8 & B11,4.000000
700-PDHC,WH/Stock,13.000000
700-PDBB,WH/Stock/Tech Stock B11,24.000000
700-PDB,WH/Stock/Tech Finished Goods,2.000000
700-PBT,WH/Stock,18.000000
700-PBH,WH/Stock,13.000000
700-PBBK,WH/Stock/Welding B1&B5,18.000000
700-PBB,WH/Stock,17.000000
700-PBABS,WH/Stock,26.000000
700-OM962-9,WH/Stock,15.000000
700-OM962-8,WH/Stock/Final Finished Goods B9,52.000000
700-OM962-7,WH/Stock/Tech Finished Goods,20.000000
700-OM962-6,WH/Stock,93.000000
700-OM962-5,WH/Stock/Final Finished Goods B9,34.000000
700-OM962-4,WH/Stock,23.000000
700-OM962-3,WH/Stock/Tech Finished Goods,12.000000
700-OM962-2,WH/Stock,13.000000
700-OM962-14,WH/Stock,14.000000
700-OM962-13,WH/Stock/Final Finished Goods B9,14.000000
700-OM962-12,WH/Stock,10.000000
700-OM962-11,WH/Stock/Tech Finished Goods,40.000000
700-OM962-10,WH/Stock,1.000000
700-OM3T-PB,WH/Stock/Final Finished Goods B9,4.000000
700-OM3SS,WH/Stock,38.000000
700-OM3PB,WH/Stock/Final Finished Goods B9,68.000000
700-OM3MM,WH/Stock/Tech Finished Goods,49.000000
700-OM3HS,WH/Stock,54.000000
700-OM3BC,WH/Stock/Tech Finished Goods,2.000000
700-OCU-CS-6,WH/Stock/Final Finished Goods B9,9.000000
700-NGSC-6,WH/Stock/Final Finished Goods B9,85.000000
700-NGSC-5,WH/Stock,63.000000
700-NGSC-2UL-ALUM,WH/Stock,44.000000
700-NGSC-2UL,WH/Stock/Final Finished Goods B9,44.000000
700-NGPB-8,WH/Stock/Final Finished Goods B9,14.000000
700-NGPB-6,WH/Stock,22.000000
700-NGPB-5,WH/Stock,7.000000
700-NGPB-3,WH/Stock/Final Finished Goods B9,6.000000
700-NGPB-2,WH/Stock,7.000000
700-NGPB-1,WH/Stock,10.000000
700-NGDT-6C,WH/Stock,28.000000
700-NGDT-2,WH/Stock,2.000000
700-NGDT-15,WH/Stock/Final Finished Goods B9,43.000000
700-NGDT-14,WH/Stock,24.000000
700-NGDT-13,WH/Stock,1.000000
700-NGDT-12,WH/Stock,1.000000
700-NGDT-11,WH/Stock/Final Finished Goods B9,1.000000
700-NEL,WH/Stock,48.000000
700-MSWC,WH/Stock,34.000000
700-MSC,WH/Stock/General Assembly B8 & B11,6.000000
700-MS,WH/Stock,22.000000
700-MOSG,WH/Stock,37.000000
700-MONPSH-2,WH/Stock,152.000000
700-MONPSH-1,WH/Stock,165.000000
700-MOLA,WH/Stock,153.000000
700-MOL,WH/Stock/Final Finished Goods B9,2.000000
700-MOFH,WH/Stock/Welding B1&B5,79.000000
700-MOFG,WH/Stock,189.000000
700-MOF2,WH/Stock,75.000000
700-MOBK,WH/Stock,61.000000
700-MAYODT2-1,WH/Stock,29.000000
700-MAYODT-8,WH/Stock,6.000000
700-MAYODT-6,WH/Stock,144.000000
700-MAYODT-5,WH/Stock,1.000000
700-MAYODT-16,WH/Stock,4.000000
700-MAYODT-15,WH/Stock,6.000000
700-MAYODT-11,WH/Stock,235.000000
700-LEDSB-2V2,WH/Stock,24.000000
700-LEDSB-2,WH/Stock,13.000000
700-LEDSB-1V2,WH/Stock,77.000000
700-LEDSB-1,WH/Stock,1.000000
700-LBLD6,WH/Stock,5.000000
700-LBLD10,WH/Stock,4.000000
700-LBLA,WH/Stock,82.000000
700-LBL,WH/Stock,37.000000
700-LBH6,WH/Stock,11.000000
700-LBH10,WH/Stock,10.000000
700-LBE,WH/Stock,11.000000
700-LBCD6,WH/Stock,8.000000
700-LBCD10,WH/Stock,3.000000
700-LBC6,WH/Stock,9.000000
700-LBC10,WH/Stock,2.000000
700-KIOSK1-1,WH/Stock,2.000000
700-JAGCANOPY-7,WH/Stock,3.000000
700-JAGCANOPY-6,WH/Stock,1.000000
700-JAGCANOPY-5,WH/Stock,1.000000
700-JAGCANOPY-4,WH/Stock,8.000000
700-JAGCANOPY-3,WH/Stock/Final Finished Goods B9,24.000000
700-JAGCANOPY-27,WH/Stock,7.000000
700-JAGCANOPY-26,WH/Stock,7.000000
700-JAGCANOPY-23,WH/Stock,64.000000
700-JAGCANOPY-2,WH/Stock/Final Finished Goods B9,8.000000
700-JAGCANOPY-17,WH/Stock/Tech Finished Goods,3.000000
700-JAGCANOPY-16,WH/Stock,5.000000
700-JAGCANOPY-15,WH/Stock,14.000000
700-JAGCANOPY-14,WH/Stock,13.000000
700-JAGCANOPY-13,WH/Stock,3.000000
700-JAGCANOPY-12,WH/Stock,3.000000
700-JAGCANOPY-11,WH/Stock,3.000000
700-JAGCANOPY-1,WH/Stock,18.000000
700-JAGBAR-1,WH/Stock,6.000000
700-ISP-9,WH/Stock,63.000000
700-ISP-8,WH/Stock,18.000000
700-ISP-5,WH/Stock,15.000000
700-ISP-4,WH/Stock,3.000000
700-ISP-3,WH/Stock,5.000000
700-ISP-2,WH/Stock,5.000000
700-IPB2-1,WH/Stock,2.000000
700-IPB-10,WH/Stock,17.000000
700-HRF-SWC,WH/Stock,69.000000
700-HBC,WH/Stock,36.000000
700-HBAC,WH/Stock,160.000000
700-HAC,WH/Stock,92.000000
700-FPPVCMNT-3,WH/Stock,55.000000
700-FFR,WH/Stock,4.000000
700-FEA,WH/Stock,5.000000
700-FCP,WH/Stock,1.000000
700-FCD,WH/Stock,1.000000
700-DWU-6,WH/Stock,36.000000
700-DWU-3,WH/Stock,8.000000
700-DWU-2,WH/Stock,3.000000
700-DFW3000-1,WH/Stock,1.000000
700-DDWB,WH/Stock/Tech Stock B11,35.000000
700-DDTA-8,WH/Stock,7.000000
700-DDTA-3,WH/Stock/Final Finished Goods B9,10.000000
700-DDTA-2,WH/Stock,5.000000
700-DDTA-1,WH/Stock,4.000000
700-DDST,WH/Stock/Tech Stock B11,16.000000
700-DDSPKPED-5,WH/Stock,1.000000
700-DDS2,WH/Stock,43.000000
700-DDS1,WH/Stock/Final Finished Goods B9,24.000000
700-DDS,WH/Stock,39.000000
700-DDPV-5,WH/Stock/Tech Stock B11,2.000000
700-DDPV-4,WH/Stock/Tech Finished Goods,8.000000
700-DDPV-3,WH/Stock,8.000000
700-DDPV-1,WH/Stock,9.000000
700-DDGS,WH/Stock/Tech Stock B11,38.000000
700-DDG,WH/Stock/Tech Finished Goods,213.000000
700-DDDC,WH/Stock/Tech Finished Goods,1.000000
700-DDCS,WH/Stock,19.000000
700-DDCB,WH/Stock,22.000000
700-DDCANOPY-9,WH/Stock,20.000000
700-DDCANOPY-8,WH/Stock,20.000000
700-DDCANOPY-7,WH/Stock,18.000000
700-DDCANOPY-6,WH/Stock,27.000000
700-DDCANOPY-2S,WH/Stock,1.000000
700-DDCANOPY-19,WH/Stock/Tech Finished Goods,11.000000
700-DDCANOPY-18,WH/Stock,9.000000
700-DDCANOPY-17,WH/Stock,16.000000
700-DDCANOPY-16,WH/Stock,8.000000
700-DDCANOPY-15,WH/Stock,8.000000
700-DDCANOPY-14,WH/Stock,44.000000
700-DDCANOPY-13,WH/Stock,92.000000
700-DDCANOPY-1,WH/Stock,2.000000
700-DDBS,WH/Stock/Tech Stock B11,27.000000
700-DDBBR,WH/Stock/Tech Finished Goods,38.000000
700-DDBB,WH/Stock,9.000000
700-DDBAR-8,WH/Stock,28.000000
700-DDBAR-7,WH/Stock/Final Finished Goods B9,3.000000
700-DDBAR-6,WH/Stock,4.000000
700-DDBAR-5,WH/Stock/Tech Stock B11,2.000000
700-DDBAR-3,WH/Stock/Final Finished Goods B9,11.000000
700-DDBAR-2,WH/Stock,30.000000
700-DDBAR-1,WH/Stock/Final Finished Goods B9,8.000000
700-DD-9,WH/Stock/Final Finished Goods B9,90.000000
700-DD-54,WH/Stock/Final Finished Goods B9,1.000000
700-DD-53V2,WH/Stock,6.000000
700-DD-53,WH/Stock,3.000000
700-DD-4,WH/Stock/Final Finished Goods B9,5.000000
700-DD-3L,WH/Stock/Tech Finished Goods,6.000000
700-DD-2W,WH/Stock,8.000000
700-DD-2,WH/Stock,6.000000
700-DD-1R,WH/Stock/Tech Finished Goods,9.000000
700-DD-1L,WH/Stock/Final Finished Goods B9,9.000000
700-DD-1B,WH/Stock,7.000000
700-DD-18,WH/Stock/Tech Finished Goods,4.000000
700-DD-17,WH/Stock,13.000000
700-DD-15,WH/Stock,4.000000
700-DD-14,WH/Stock,56.000000
700-DBWING-5,WH/Stock,23.000000
700-DBWING-4,WH/Stock,14.000000
700-DBWING-3,WH/Stock,2.000000
700-DBWING-2,WH/Stock,159.000000
700-DBWING-1,WH/Stock,14.000000
700-DBSG,WH/Stock,89.000000
700-CUPC8,WH/Stock,2.000000
700-CUPC6,WH/Stock,8.000000
700-CUPC5,WH/Stock,9.000000
700-CUP8SC,WH/Stock,24.000000
700-CUP6SC,WH/Stock,11.000000
700-CUP5SC,WH/Stock,10.000000
700-CROCANOPY-8,WH/Stock,6.000000
700-CROCANOPY-7,WH/Stock/Final Finished Goods B9,6.000000
700-CROCANOPY-5,WH/Stock,21.000000
700-CROCANOPY-4,WH/Stock/Tech Stock B11,2.000000
700-CROCANOPY-3,WH/Stock/Tech Finished Goods,14.000000
700-CROCANOPY-19,WH/Stock,9.000000
700-CROCANOPY-18,WH/Stock,12.000000
700-CROCANOPY-17,WH/Stock,22.000000
700-CROCANOPY-16,WH/Stock,11.000000
700-CROCANOPY-15,WH/Stock,3.000000
700-CROCANOPY-14,WH/Stock,19.000000
700-CROCANOPY-13R,WH/Stock,68.000000
700-CROCANOPY-13L,WH/Stock,53.000000
700-CROCANOPY-12,WH/Stock,14.000000
700-CROCANOPY-11,WH/Stock,16.000000
700-CROCANOPY-10,WH/Stock,16.000000
700-CKBKDS-V2,WH/Stock/Final Finished Goods B9,81.000000
700-CITZBANK-7,WH/Stock/Tech Finished Goods,5.000000
700-CITZBANK-6,WH/Stock,3.000000
700-CITZBANK-16,WH/Stock,5.000000
700-CITZBANK-15,WH/Stock,1.000000
700-CITZBANK-14,WH/Stock,30.000000
700-CITZBANK-13,WH/Stock,36.000000
700-CITZBANK-12,WH/Stock,7.000000
700-CITZBANK-11,WH/Stock,6.000000
700-CISBK,WH/Stock,12.000000
700-CDST,WH/Stock/General Assembly B8 & B11,20.000000
700-CDSST,WH/Stock/Tech Finished Goods,8.000000
700-CDS8,WH/Stock,5.000000
700-CDS6GC,WH/Stock/Raw Materials B5,15.000000
700-CDS6,WH/Stock/Final Finished Goods B9,9.000000
700-CDS5,WH/Stock/Final Finished Goods B9,12.000000
700-CDMT,WH/Stock,29.000000
700-CDMST,WH/Stock/Final Finished Goods B9,20.000000
700-CDLT,WH/Stock,49.000000
700-CDLST,Partner Locations/Vendors/Topps Powder Coat,25.000000
700-CDCB,WH/Stock/Final Finished Goods B9,144.000000
700-BROTMEN-9,WH/Stock,22.000000
700-BROTMEN-8,WH/Stock/Final Finished Goods B9,16.000000
700-BROTMEN-7,WH/Stock/Final Finished Goods B9,20.000000
700-BROTMEN-6,WH/Stock,6.000000
700-BROTMEN-5,WH/Stock/Final Finished Goods B9,15.000000
700-BROTMEN-4,WH/Stock/Final Finished Goods B9,6.000000
700-BROTMEN-3,WH/Stock,11.000000
700-BROTMEN-2,WH/Stock,8.000000
700-BROTMEN-11,WH/Stock,49.000000
700-BROTMEN-10,WH/Stock,3.000000
700-BROTMEN-1,WH/Stock,14.000000
700-BRMSCANOPY-9,WH/Stock,13.000000
700-BRMSCANOPY-7,WH/Stock/Final Finished Goods B9,3.000000
700-BRMSCANOPY-5,WH/Stock,5.000000
700-BRMSCANOPY-18,WH/Stock,6.000000
700-BRMSCANOPY-17,WH/Stock/Final Finished Goods B9,10.000000
700-BRMSCANOPY-16,Partner Locations/Vendors/Topps Powder Coat,7.000000
700-BRMSCANOPY-15,WH/Stock/Final Finished Goods B9,4.000000
700-BRMSCANOPY-10,WH/Stock,9.000000
700-BRAUMSOCU-8,WH/Stock,5.000000
700-BRAUMSOCU-6R,WH/Stock,26.000000
700-BRAUMSOCU-5,WH/Stock,8.000000
700-BRAUMSOCU-4,WH/Stock/Final Finished Goods B9,13.000000
700-BRAUMSOCU-3,WH/Stock,8.000000
700-BRAUMSOCU-1SWC,WH/Stock/Tech Finished Goods,1.000000
700-BRAUMSOCU-12,WH/Stock,9.000000
700-BRAUMSOCU-10,WH/Stock,2.000000
700-BRAUMSOCU-1,WH/Stock/Final Finished Goods B9,6.000000
700-BLZICEBWH,WH/Stock/Final Finished Goods B9,3.000000
700-BLZHESTAN36,WH/Stock,1.000000
700-BLZHESTAN30,WH/Stock,1.000000
700-BLZ3PRO,WH/Stock,4.000000
700-BLZ2PRO,WH/Stock,1.000000
700-BHSS,WH/Stock,138.000000
700-BHSL,WH/Stock,105.000000
700-AWNXL-9,WH/Stock/Final Finished Goods B9,27.000000
700-AWNXL-8,WH/Stock,18.000000
700-AWNXL-3,WH/Stock,41.000000
700-AWNXL-2,WH/Stock,105.000000
700-AWNXL-12,WH/Stock,6.000000
700-AWNXL-11,WH/Stock,2.000000
700-AWNXL-10,WH/Stock,3.000000
700-AWNXL-1,WH/Stock,435.000000
700-AWNPAT-6,WH/Stock,12.000000
700-AWNPAT-5,WH/Stock,10.000000
700-AWNPAT-4,WH/Stock,4.000000
700-AWNPAT-3,WH/Stock,24.000000
700-AWNPAT-2,WH/Stock,5.000000
700-AWNPAT-1,WH/Stock,3.000000
700-AV824,WH/Stock,35.000000
700-ANWSFS-10,WH/Stock,217.000000
700-ADQ-1,WH/Stock,11.000000
700-999-SPKRBDW,WH/Stock,4.000000
700-999-7V2,WH/Stock/Final Finished Goods B9,45.000000
700-999-37,WH/Stock,42.000000
700-999-35,WH/Stock/Tech Finished Goods,190.000000
700-999-30,WH/Stock,17.000000
700-999-29,WH/Stock,34.000000
700-999-28A,WH/Stock,2.000000
700-999-28,WH/Stock,10.000000
700-91X51-9,WH/Stock,5.000000
700-91X51-5,WH/Stock,1.000000
700-91X51-3B,WH/Stock,2.000000
700-91X51-3A,WH/Stock,1.000000
700-91X51-2B,WH/Stock,1.000000
700-91X51-2A,WH/Stock,1.000000
700-91X51-17,WH/Stock/Final Finished Goods B9,81.000000
700-91X51-15,WH/Stock,3.000000
700-91X51-13,WH/Stock/Tech Finished Goods,16.000000
700-91X51-12,Partner Locations/Vendors/Topps Powder Coat,18.000000
700-91X51-11,WH/Stock,6.000000
700-91X51-10,WH/Stock,2.000000
700-4PANELDT-9,WH/Stock,4.000000
700-4PANELDT-8,WH/Stock,61.000000
700-4PANELDT-7,WH/Stock/Final Finished Goods B9,26.000000
700-4PANELDT-4,WH/Stock/Welding B1&B5,139.000000
700-4PANELDT-3,WH/Stock/Tech Stock B11,54.000000
700-4PANELDT-2,WH/Stock/Tech Finished Goods,37.000000
700-4PANELDT-1S,Partner Locations/Vendors/Topps Powder Coat,11.000000
700-4PANELDT-1,WH/Stock,33.000000
700-48X74-9,WH/Stock,19.000000
700-48X74-8R,WH/Stock,15.000000
700-48X74-8L,WH/Stock/Final Finished Goods B9,15.000000
700-48X74-6,WH/Stock,32.000000
700-48X74-5,WH/Stock/Tech Finished Goods,20.000000
700-48X74-4,WH/Stock,17.000000
700-48X74-3,WH/Stock,5.000000
700-48X74-2,WH/Stock,8.000000
700-48X74-19,WH/Stock,5.000000
700-48X74-18,WH/Stock,7.000000
700-48X74-17,WH/Stock,28.000000
700-48X74-16,WH/Stock,14.000000
700-48X74-15,WH/Stock,6.000000
700-48X74-1,WH/Stock,3.000000
700-48X54V2-9WM,WH/Stock,1.000000
700-48X54V2-9,WH/Stock,1.000000
700-48X54V2-8C,WH/Stock,11.000000
700-48X54V2-7,WH/Stock/Final Finished Goods B9,87.000000
700-48X54V2-6,WH/Stock,3.000000
700-48X54V2-5,WH/Stock/Tech Stock B11,1.000000
700-48X54V2-4,WH/Stock/Tech Finished Goods,26.000000
700-48X54V2-3C,WH/Stock,19.000000
700-48X54V2-3,WH/Stock,35.000000
700-48X54V2-24,WH/Stock,3.000000
700-48X54V2-23,WH/Stock,9.000000
700-48X54V2-22C,WH/Stock,11.000000
700-48X54V2-2,WH/Stock,36.000000
700-48X54V2-11,WH/Stock,26.000000
700-48X54V2-10,WH/Stock,33.000000
700-48X54V2-1,WH/Stock,6.000000
700-400DH,WH/Stock/Tech Finished Goods,12.000000
700-311S-8BM,WH/Stock,18.000000
700-311S-7,WH/Stock,318.000000
700-311S-6PREV,WH/Stock,5.000000
700-311S-6P,WH/Stock,26.000000
700-311S-6DREV,WH/Stock,9.000000
700-311S-6D,WH/Stock,29.000000
700-311S-4P,WH/Stock,6.000000
700-311S-4D,WH/Stock,3.000000
700-311S-2,WH/Stock,17.000000
700-311S-1,WH/Stock/Tech Stock B11,3.000000
700-311F-SWC,WH/Stock/Tech Finished Goods,1.000000
700-311F-7,WH/Stock,14.000000
700-311F-6,WH/Stock,54.000000
700-311F-5B,WH/Stock,62.000000
700-311F-5A,WH/Stock,65.000000
700-311F-4,WH/Stock,1.000000
700-311F-3,WH/Stock,28.000000
700-311F-1BM,WH/Stock,13.000000
700-311F-1,WH/Stock,18.000000
700-311-4LED,WH/Stock,8.000000
700-311-3LED,WH/Stock,130.000000
700-311-2LED,WH/Stock,59.000000
700-311-1LED,WH/Stock,28.000000
700-24X36SLIM-3,WH/Stock,5.000000
700-24X36SLIM-2,WH/Stock,8.000000
700-24X36SLIM-1,WH/Stock,2.000000
700-24MAGSIGN-4R,WH/Stock,71.000000
700-24MAGSIGN-4L,WH/Stock,83.000000
700-24MAGSIGN-3,WH/Stock,8.000000
700-24MAGSIGN-2,WH/Stock,176.000000
700-24MAGSIGN-1,WH/Stock,3.000000
700-211S-8,WH/Stock,8.000000
700-211S-3,WH/Stock,95.000000
700-211-8U,WH/Stock,19.000000
700-211-7CHICK,WH/Stock,50.000000
700-211-7,WH/Stock,26.000000
700-20X27SLIM-4,WH/Stock,23.000000
700-20X27SLIM-3,WH/Stock,4.000000
700-20X27SLIM-2,WH/Stock,82.000000
700-20X27SLIM-1,WH/Stock,30.000000
700-20X24SLIM-3,WH/Stock,1.000000
700-20X24SLIM-2,WH/Stock,6.000000
700-20X24SLIM-1,WH/Stock,1.000000
700-1PANELDT-1,WH/Stock,121.000000
700-1734-CSW,WH/Stock,16.000000
700-1734-7,WH/Stock,27.000000
700-1734-5,WH/Stock,20.000000
700-1734-4,WH/Stock,27.000000
700-1734-3,WH/Stock,2.000000
700-1734-2,WH/Stock,30.000000
700-1734-1,WH/Stock,16.000000
700-16SPBT,WH/Stock,1.000000
700-16SPBC,WH/Stock,2.000000
700-16SPBBODY,WH/Stock,7.000000
700-16SPBBK,WH/Stock,13.000000
700-16SPBB,WH/Stock,18.000000
700-16SPBABS,WH/Stock,10.000000
600-ULTDISK,WH/Stock/Welding B1&B5,10.000000
600-S2KD1200,WH/Stock,5.000000
600-PIMH,WH/Stock,65.000000
600-MIC123,WH/Stock,4.000000
600-LCY,WH/Stock,2.000000
600-DTSW100,WH/Stock,12.000000
600-DT9200X,Partner Locations/Vendors/Precision Powder Coat,20.000000
600-AVT,WH/Stock,9.000000
600-ANWSH,WH/Stock,9.000000
48X54T2FS,WH/Stock,5.000000
48X54FS,WH/Stock,10.000000
48X54BT,WH/Stock,5.000000
3MWIR475A,WH/Stock,1080.000000
3MLOOP100XT,WH/Stock,1.000000
3MG5SPK,Partner Locations/Vendors/Topps Powder Coat,11.000000
3MG5MIC,WH/Stock,3.000000
3MG5HE,Partner Locations/Vendors/Topps Powder Coat,6.000000
3MG5CP,WH/Stock,2.000000
3MG5BC,WH/Stock,2.000000
1734ETX2R,WH/Stock,4.000000
1734ETX2,WH/Stock,1.000000
1734APCKIT,WH/Stock/Final Finished Goods B9,10.000000
1734APCADAP,WH/Stock,55.000000
1734-RS,WH/Stock,4.000000
