Reference,Name,Type
1-510-330-9-0,S16DR,normal
12V6,12 VOLT 6 AMP LIGHT,normal
1734-DI-REC,1734 DRIVE IN KIT,normal
1734APCADAP,1734 INTERCONNECT FOR APC,normal
1734ETX,1734 MAIN BOARD,normal
1734ETX2,NEW VERSION 1734 MAIN BOARD,normal
1734ETX2RK,(REFURBISHED)  1734 BD W/ HD,normal
1734ETXRK,(REFURBISHED) 1734 BRD W/ HD,normal
1734REF,1734 REFRESH,normal
3M-70006403987,ADHESION PROMOTER,normal
3M1025HE,3M C1025 HEADSET,normal
3M1025OTUR,3M C1025 BELTPACK ORDER,normal
3M1025S1DT,3M C1025 1-HEADSET UNIT,normal
3M10BC,3M C1060 3 SLOT BATTERY CHARGE,normal
3M10BCR,(REFURBISHED)  3 SLOT CHARGER,normal
3M10EAP,3M C1060 FOAM EAR PAD,normal
3M10HEP,C1060 SIDE HEADREST PAD,normal
3M10PC,3M C1060 PROGRAMMING CABLE,normal
3M10S1,3M C1060 Integrated,normal
3M10S1DT,3M C1060 Dedicated,normal
16V6,16VOLT 6AMP TRANSFORMER,bom
3M7BAP,3M7BAP,bom
